Workbook

Sheet HFCs EFs
B2: Singapore does not produce HFC, so this will be focused on consumption only.
B4: Source: Singapore Emissions Factor Registry
B5: Sub-Category | C5: Activity Name | D5: EF (kg CO2-eq per unit) | E5: Unit
B6: Hydrofluorocarbons (Hfcs) | C6: HFC-1234yf (CF3CF=CH2) | D6: 1 | E6: kg
B7: Hydrofluorocarbons (Hfcs) | C7: HFC-43-10mee (CF3CHFCHFCF2CF3) | D7: 1650 | E7: kg
B8: Hydrofluorocarbons (Hfcs) | C8: HFC-245cb (CF3CF2CH3) | D8: 4620 | E8: kg
B9: Hydrofluorocarbons (Hfcs) | C9: (E)-HFC-1225ye (CF3CF=CHF(E)) | D9: 1 | E9: kg
B10: Hydrofluorocarbons (Hfcs) | C10: (Z)-HFC-1234ze (CF3CH=CHF(Z)) | D10: 1 | E10: kg
B11: Hydrofluorocarbons (Hfcs) | C11: HFC-245fa (CHF2CH2CF3) | D11: 858 | E11: kg
B12: Hydrofluorocarbons (Hfcs) | C12: HFC-134 (CHF2CHF2) | D12: 1120 | E12: kg
B13: Hydrofluorocarbons (Hfcs) | C13: HFC-227ea (CF3CHFCF3) | D13: 3350 | E13: kg
B14: Hydrofluorocarbons (Hfcs) | C14: HFC-152 (CH2FCH2F) | D14: 16 | E14: kg
B15: Hydrofluorocarbons (Hfcs) | C15: HFC-32 (CH2F2) | D15: 677 | E15: kg
B16: Hydrofluorocarbons (Hfcs) | C16: HFC-143 (CH2FCHF2) | D16: 328 | E16: kg
B17: Hydrofluorocarbons (Hfcs) | C17: (Z)-HFC-1225ye (CF3CF=CHF(Z)) | D17: 1 | E17: kg
... B86: Refrigerants | C86: R-504 (48.2% HFC-32) | D86: 326.314 | E86: kg
B91: 1. Calculate Residual Emissions (During Use)
B92: Residual emissions are the ongoing, steady-state leakages that occur throughout the operational lifespan of refrigeration or air conditioning (RAC) equipment. [1, 2, 3, 4]
B93: The primary formula for bottom-up estimation is:
B94: Annual emissions = Total charge x annual leakage rage
B95: Total Charge: The total mass of the HFC inside the equipment.
B96: Annual Leakage Rate: The percentage of the charge that leaks per year. [1]
B98: 2. Calculate End-of-Life (EOL) Emissions
B99: End-of-life emissions represent the release of the remaining refrigerant when equipment is decommissioned or disposed of. [1, 2, 3, 4]
B100: The calculation follows this formula :
B101: EOL emissions = Initial charge x residual charge % x (1 - Recovery efficiency)
B102: Residual Charge %: The percentage of the total charge remaining in the system at the time of disposal.
B103: Recovery Efficiency: The fraction of the residual HFC that is actually captured and recovered (ranges from 0 to 1) . Any captured gas that is recycled or reclaimed does not count as an emission into the atmosphere. [1, 2, 3, 4, 5]
... B111: Source: GHG Protocol HFC Tool v1.0

Sheet Methane (New)
B6: Year | C6: Gas supply (TJ) | D6: Gas supply (TWh) | E6: CH4 emissions from gas (tonnes) | F6: Oil supply (TJ) | G6: Oil supply (TWh) | H6: CH4 emissions from oil (tonnes) | I6: Total oil and gas supply (TWh) | J6: Total CH4 emissions from oil and gas (tonnes) | K6: CH4 emissions intensity (t/TWh) | L6: Total CH4 emissions
B7: 2010 | I7: =D7+G7 -> 0 | J7: =E7+H7 -> 0 | K7: =J7/I7 -> #DIV/0! | L7: =G7+J7 -> 0
B8: 2011 | I8: =D8+G8 -> 0 | J8: =E8+H8 -> 0 | K8: =J8/I8 -> #DIV/0! | L8: =G8+J8 -> 0
B9: 2012 | I9: =D9+G9 -> 0 | J9: =E9+H9 -> 0 | K9: =J9/I9 -> #DIV/0! | L9: =G9+J9 -> 0
B10: 2013 | I10: =D10+G10 -> 0 | J10: =E10+H10 -> 0 | K10: =J10/I10 -> #DIV/0! | L10: =G10+J10 -> 0
B11: 2014 | I11: =D11+G11 -> 0 | J11: =E11+H11 -> 0 | K11: =J11/I11 -> #DIV/0! | L11: =G11+J11 -> 0
B12: 2015 | I12: =D12+G12 -> 0 | J12: =E12+H12 -> 0 | K12: =J12/I12 -> #DIV/0! | L12: =G12+J12 -> 0
B13: 2016 | I13: =D13+G13 -> 0 | J13: =E13+H13 -> 0 | K13: =J13/I13 -> #DIV/0! | L13: =G13+J13 -> 0
B14: 2017 | I14: =D14+G14 -> 0 | J14: =E14+H14 -> 0 | K14: =J14/I14 -> #DIV/0! | L14: =G14+J14 -> 0
B15: 2018 | I15: =D15+G15 -> 0 | J15: =E15+H15 -> 0 | K15: =J15/I15 -> #DIV/0! | L15: =G15+J15 -> 0
B16: 2019 | I16: =D16+G16 -> 0 | J16: =E16+H16 -> 0 | K16: =J16/I16 -> #DIV/0! | L16: =G16+J16 -> 0
B17: 2020 | I17: =D17+G17 -> 0 | J17: =E17+H17 -> 0 | K17: =J17/I17 -> #DIV/0! | L17: =G17+J17 -> 0
B18: 2021 | I18: =D18+G18 -> 0 | J18: =E18+H18 -> 0 | K18: =J18/I18 -> #DIV/0! | L18: =G18+J18 -> 0
... B47: 2050 | I47: =D47+G47 -> 0 | J47: =E47+H47 -> 0 | K47: =J47/I47 -> #DIV/0! | L47: =G47+J47 -> 0
B48: Cumulative 2020-2050 | I48: =D48+G48 -> 0 | J48: =E48+H48 -> 0 | K48: =J48/I48 -> #DIV/0! | L48: =G48+J48 -> 0

Sheet Methane
C2: UN energy-balance methodology defines supply as a balance of production + imports - exports - bunkers ± stock changes
C4: Gas supply (TJ): total natural gas supply as reported in EMA’s Natural Gas Balance, which is already in supply-balance form.
B7: Methane emissions from oil and gas | E7: Historical data
E8: Computed/forecasted data
C9: Source: EMA (Singapore Energy Statistics) | F9: Source: IEA | I9: Source: Singapore National Inventory Document (NID) 2024
B10: Year | C10: Gas supply (TJ) | D10: Gas supply (TWh) | E10: CH4 emissions from gas (tonnes) | F10: Oil supply (TJ) | G10: Oil supply (TWh) | H10: CH4 emissions from oil (tonnes) | I10: Upstream fugitive CH4 emissions from oil and gas (1000 tonnes) | J10: CH4 emissions from oil and gas (1000 tonnes) | K10: CH4 intensity (t/TWh) | L10: Upstream fugitive CH4 EF (kg CH4/kwh) | M10: Upstream fugitive CH4 EF (t/TWh) | N10: Total national CH4 emissions (1000 tonnes) | O10: CH4 emissions from Power sector (Mt CO2e)
B11: 2010 | C11: 302056.7 | D11: 83.904639 | E11: =Table29[[#This Row],[Gas supply (TWh)]]*M11 -> 186268.3 | F11: 735566 | G11: =F11*277.8*10^-6 -> 204.34023 | H11: =Table29[[#This Row],[Oil supply (TWh)]]*M11 -> 453635.32 | I11: 26.7 | J11: 15.847657 | K11: =(Table29[[#This Row],[Upstream fugitive CH4 emissions from oil and gas (1000 tonnes)]]*10^3)/(G11+D11) -> 92.629574 | L11: 0.00222 | M11: =L11*10^6 -> 2220 | N11: 123.26509 | O11: 0.0441
B12: 2011 | C12: 305083.7 | D12: 84.745472 | E12: =Table29[[#This Row],[Gas supply (TWh)]]*M12 -> 193219.68 | F12: 586680 | G12: =F12*277.8*10^-6 -> 162.9797 | H12: =Table29[[#This Row],[Oil supply (TWh)]]*M12 -> 371593.73 | I12: 35.4 | J12: 16.661519 | K12: =(Table29[[#This Row],[Upstream fugitive CH4 emissions from oil and gas (1000 tonnes)]]*10^3)/(G12+D12) -> 142.90029 | L12: 0.00228 | M12: =L12*10^6 -> 2280 | N12: 125.01747 | O12: 0.0456
B13: 2012 | C13: 330824.2 | D13: 91.895611 | E13: =Table29[[#This Row],[Gas supply (TWh)]]*M13 -> 200332.43 | F13: 740687 | G13: =F13*277.8*10^-6 -> 205.76285 | H13: =Table29[[#This Row],[Oil supply (TWh)]]*M13 -> 448563.01 | I13: 36.2 | J13: 16.811099 | K13: =(Table29[[#This Row],[Upstream fugitive CH4 emissions from oil and gas (1000 tonnes)]]*10^3)/(G13+D13) -> 121.6159 | L13: 0.00218 | M13: =L13*10^6 -> 2180 | N13: 126.25275 | O13: 0.0472
B14: 2013 | C14: 372461.9 | D14: 103.46164 | E14: =Table29[[#This Row],[Gas supply (TWh)]]*M14 -> 225546.37 | F14: 817646 | G14: =F14*277.8*10^-6 -> 227.14206 | H14: =Table29[[#This Row],[Oil supply (TWh)]]*M14 -> 495169.69 | I14: 32.14 | J14: 15.650585 | K14: =(Table29[[#This Row],[Upstream fugitive CH4 emissions from oil and gas (1000 tonnes)]]*10^3)/(G14+D14) -> 97.216094 | L14: 0.00218 | M14: =L14*10^6 -> 2180 | N14: 146.44053 | O14: 0.0524
B15: 2014 | C15: 390609.7 | D15: 108.50269 | E15: =Table29[[#This Row],[Gas supply (TWh)]]*M15 -> 238705.93 | F15: 744676 | G15: =F15*277.8*10^-6 -> 206.87099 | H15: =Table29[[#This Row],[Oil supply (TWh)]]*M15 -> 455116.18 | I15: 14.18 | J15: 14.52224 | K15: =(Table29[[#This Row],[Upstream fugitive CH4 emissions from oil and gas (1000 tonnes)]]*10^3)/(G15+D15) -> 44.962534 | L15: 0.0022 | M15: =L15*10^6 -> 2200 | N15: 152.44633 | O15: 0.0547
B16: 2015 | C16: 397532.5 | D16: 110.42569 | E16: =Table29[[#This Row],[Gas supply (TWh)]]*M16 -> 239623.76 | F16: 811498 | G16: =F16*277.8*10^-6 -> 225.43414 | H16: =Table29[[#This Row],[Oil supply (TWh)]]*M16 -> 489192.09 | I16: 14.24 | J16: 15.108963 | K16: =(Table29[[#This Row],[Upstream fugitive CH4 emissions from oil and gas (1000 tonnes)]]*10^3)/(G16+D16) -> 42.398639 | L16: 0.00217 | M16: =L16*10^6 -> 2170 | N16: 158.74875 | O16: 0.0545
B17: 2016 | C17: 407463.6 | D17: 113.18433 | E17: =Table29[[#This Row],[Gas supply (TWh)]]*M17 -> 244478.16 | F17: 863905 | G17: =F17*277.8*10^-6 -> 239.99281 | H17: =Table29[[#This Row],[Oil supply (TWh)]]*M17 -> 518384.47 | I17: 18.92 | J17: 15.48198 | K17: =(Table29[[#This Row],[Upstream fugitive CH4 emissions from oil and gas (1000 tonnes)]]*10^3)/(G17+D17) -> 53.570851 | L17: 0.00216 | M17: =L17*10^6 -> 2160 | N17: 150.85844 | O17: 0.0571
B18: 2017 | C18: 409714.1 | D18: 113.80947 | E18: =Table29[[#This Row],[Gas supply (TWh)]]*M18 -> 225342.75 | F18: 926115 | G18: =F18*277.8*10^-6 -> 257.27475 | H18: =Table29[[#This Row],[Oil supply (TWh)]]*M18 -> 509404 | I18: 22.79 | J18: 16.493213 | K18: =(Table29[[#This Row],[Upstream fugitive CH4 emissions from oil and gas (1000 tonnes)]]*10^3)/(G18+D18) -> 61.41463 | L18: 0.00198 | M18: =L18*10^6 -> 1980 | N18: 166.15277 | O18: 0.0572
B19: 2018 | C19: 418417.7 | D19: 116.22714 | E19: =Table29[[#This Row],[Gas supply (TWh)]]*M19 -> 247563.81 | F19: 918433 | G19: =F19*277.8*10^-6 -> 255.14069 | H19: =Table29[[#This Row],[Oil supply (TWh)]]*M19 -> 543449.66 | I19: 26.2 | J19: 16.334354 | K19: =(Table29[[#This Row],[Upstream fugitive CH4 emissions from oil and gas (1000 tonnes)]]*10^3)/(G19+D19) -> 70.55 | L19: 0.00213 | M19: =L19*10^6 -> 2130 | N19: 165.85596 | O19: 0.056
B20: 2019 | C20: 424642.1 | D20: 117.95614 | E20: =Table29[[#This Row],[Gas supply (TWh)]]*M20 -> 250067.01 | F20: 898047 | G20: =F20*277.8*10^-6 -> 249.47746 | H20: =Table29[[#This Row],[Oil supply (TWh)]]*M20 -> 528892.21 | I20: 36.45 | J20: 15.453571 | K20: =(Table29[[#This Row],[Upstream fugitive CH4 emissions from oil and gas (1000 tonnes)]]*10^3)/(G20+D20) -> 99.201598 | L20: 0.00212 | M20: =L20*10^6 -> 2120 | N20: 171.00021 | O20: 0.0577
B21: 2020 | C21: 429250.3 | D21: 119.23619 | E21: =Table29[[#This Row],[Gas supply (TWh)]]*M21 -> 252780.73 | F21: 885817 | G21: =F21*277.8*10^-6 -> 246.07996 | H21: =Table29[[#This Row],[Oil supply (TWh)]]*M21 -> 521689.52 | I21: 39.53 | J21: 13.248838 | K21: =(Table29[[#This Row],[Upstream fugitive CH4 emissions from oil and gas (1000 tonnes)]]*10^3)/(G21+D21) -> 108.20764 | L21: 0.00212 | M21: =L21*10^6 -> 2120 | N21: 162.91603 | O21: 0.0571
B22: 2021 | C22: 445730.3 | D22: 123.81397 | E22: =Table29[[#This Row],[Gas supply (TWh)]]*M22 -> 262485.62 | F22: 913908 | G22: =F22*277.8*10^-6 -> 253.88364 | H22: =Table29[[#This Row],[Oil supply (TWh)]]*M22 -> 538233.32 | I22: 41.43 | J22: 13.648687 | K22: =(Table29[[#This Row],[Upstream fugitive CH4 emissions from oil and gas (1000 tonnes)]]*10^3)/(G22+D22) -> 109.69092 | L22: 0.00212 | M22: =L22*10^6 -> 2120 | N22: 162.72994 | O22: 0.0577
B23: 2022 | C23: 440617.9 | D23: 122.39386 | E23: =Table29[[#This Row],[Gas supply (TWh)]]*M23 -> 259474.99 | F23: 918817 | G23: =F23*277.8*10^-6 -> 255.24736 | H23: =Table29[[#This Row],[Oil supply (TWh)]]*M23 -> 541124.41 | I23: 47.97 | J23: 14.826495 | K23: =(Table29[[#This Row],[Upstream fugitive CH4 emissions from oil and gas (1000 tonnes)]]*10^3)/(G23+D23) -> 127.02533 | L23: 0.00212 | M23: =L23*10^6 -> 2120 | N23: 160.02797 | O23: 0.0602
B24: 2023 | C24: 440444.3 | D24: 122.34564 | E24: =Table29[[#This Row],[Gas supply (TWh)]]*M24 -> 259372.75 | F24: 847955 | G24: =F24*277.8*10^-6 -> 235.5619 | H24: =Table29[[#This Row],[Oil supply (TWh)]]*M24 -> 499391.23 | J24: 14.559511 | K24: =(Table29[[#This Row],[Upstream fugitive CH4 emissions from oil and gas (1000 tonnes)]]*10^3)/(G24+D24) -> 0 | L24: 0.00212 | M24: =L24*10^6 -> 2120 | N24: 161.05769 | O24: 0.0617
B25: 2024 | C25: 453039.7 | D25: 125.84436 | E25: =Table29[[#This Row],[Gas supply (TWh)]]*M25 -> 266790.05 | F25: =AVERAGE(F21:F24) -> 891624.25 | G25: =F25*277.8*10^-6 -> 247.69322 | H25: =Table29[[#This Row],[Oil supply (TWh)]]*M25 -> 525109.62 | J25: 14.780217 | K25: =(Table29[[#This Row],[Upstream fugitive CH4 emissions from oil and gas (1000 tonnes)]]*10^3)/(G25+D25) -> 0 | L25: 0.00212 | M25: =L25*10^6 -> 2120 | N25: 168.61802 | O25: 0.0637
B26: 2025 | D26: =_xlfn.FORECAST.LINEAR(Table29[[#This Row],[Year]],D21:D25,B21:B25) -> 126.25121 | E26: =Table29[[#This Row],[Gas supply (TWh)]]*M26 -> 267652.56 | F26: =AVERAGE(F22:F25) -> 893076.06 | G26: =F26*277.8*10^-6 -> 248.09653 | H26: =Table29[[#This Row],[Oil supply (TWh)]]*M26 -> 525964.64 | J26: =(119*(Table29[[#This Row],[Gas supply (TWh)]]+Table29[[#This Row],[Oil supply (TWh)]]))*10^-3 -> 44.547381 | L26: 0.00212 | M26: =L26*10^6 -> 2120
B27: 2026 | D27: =_xlfn.FORECAST.LINEAR(Table29[[#This Row],[Year]],D22:D26,B22:B26) -> 126.6273 | E27: =Table29[[#This Row],[Gas supply (TWh)]]*M27 -> 268449.87 | F27: =AVERAGE(F23:F26) -> 887868.08 | G27: =F27*277.8*10^-6 -> 246.64975 | H27: =Table29[[#This Row],[Oil supply (TWh)]]*M27 -> 522897.47 | J27: =(M27*(Table29[[#This Row],[Gas supply (TWh)]]+Table29[[#This Row],[Oil supply (TWh)]]))*10^-3 -> 791.34735 | L27: 0.00212 | M27: =L27*10^6 -> 2120
B28: 2027 | D28: =_xlfn.FORECAST.LINEAR(Table29[[#This Row],[Year]],D23:D27,B23:B27) -> 128.4042 | E28: =Table29[[#This Row],[Gas supply (TWh)]]*M28 -> 272216.91 | F28: =AVERAGE(F24:F27) -> 880130.85 | G28: =F28*277.8*10^-6 -> 244.50035 | H28: =Table29[[#This Row],[Oil supply (TWh)]]*M28 -> 518340.74 | J28: =(M28*(Table29[[#This Row],[Gas supply (TWh)]]+Table29[[#This Row],[Oil supply (TWh)]]))*10^-3 -> 790.55766 | L28: 0.00212 | M28: =L28*10^6 -> 2120
B29: 2028 | D29: =_xlfn.FORECAST.LINEAR(Table29[[#This Row],[Year]],D24:D28,B24:B28) -> 129.76456 | E29: =Table29[[#This Row],[Gas supply (TWh)]]*M29 -> 275100.87 | F29: =AVERAGE(F25:F28) -> 888174.81 | G29: =F29*277.8*10^-6 -> 246.73496 | H29: =Table29[[#This Row],[Oil supply (TWh)]]*M29 -> 523078.12 | J29: =(M29*(Table29[[#This Row],[Gas supply (TWh)]]+Table29[[#This Row],[Oil supply (TWh)]]))*10^-3 -> 798.17899 | L29: 0.00212 | M29: =L29*10^6 -> 2120
B30: 2029 | D30: =_xlfn.FORECAST.LINEAR(Table29[[#This Row],[Year]],D25:D29,B25:B29) -> 130.37635 | E30: =Table29[[#This Row],[Gas supply (TWh)]]*M30 -> 276397.86 | F30: =AVERAGE(F26:F29) -> 887312.45 | G30: =F30*277.8*10^-6 -> 246.4954 | H30: =Table29[[#This Row],[Oil supply (TWh)]]*M30 -> 522570.24 | J30: =(M30*(Table29[[#This Row],[Gas supply (TWh)]]+Table29[[#This Row],[Oil supply (TWh)]]))*10^-3 -> 798.9681 | L30: 0.00212 | M30: =L30*10^6 -> 2120
B31: 2030 | D31: =_xlfn.FORECAST.LINEAR(Table29[[#This Row],[Year]],D26:D30,B26:B30) -> 131.70099 | E31: =Table29[[#This Row],[Gas supply (TWh)]]*M31 -> 279206.09 | F31: =AVERAGE(F27:F30) -> 885871.55 | G31: =F31*277.8*10^-6 -> 246.09512 | H31: =Table29[[#This Row],[Oil supply (TWh)]]*M31 -> 521721.64 | J31: =(M31*(Table29[[#This Row],[Gas supply (TWh)]]+Table29[[#This Row],[Oil supply (TWh)]]))*10^-3 -> 800.92774 | L31: 0.00212 | M31: =L31*10^6 -> 2120
B32: 2031 | D32: =_xlfn.FORECAST.LINEAR(Table29[[#This Row],[Year]],D27:D31,B27:B31) -> 133.01054 | E32: =Table29[[#This Row],[Gas supply (TWh)]]*M32 -> 281982.34 | F32: =AVERAGE(F28:F31) -> 885372.41 | G32: =F32*277.8*10^-6 -> 245.95646 | H32: =Table29[[#This Row],[Oil supply (TWh)]]*M32 -> 521427.69 | J32: =(M32*(Table29[[#This Row],[Gas supply (TWh)]]+Table29[[#This Row],[Oil supply (TWh)]]))*10^-3 -> 803.41002 | L32: 0.00212 | M32: =L32*10^6 -> 2120
B33: 2032 | D33: =_xlfn.FORECAST.LINEAR(Table29[[#This Row],[Year]],D28:D32,B28:B32) -> 133.99605 | E33: =Table29[[#This Row],[Gas supply (TWh)]]*M33 -> 284071.63 | F33: =AVERAGE(F29:F32) -> 886682.8 | G33: =F33*277.8*10^-6 -> 246.32048 | H33: =Table29[[#This Row],[Oil supply (TWh)]]*M33 -> 522199.42 | J33: =(M33*(Table29[[#This Row],[Gas supply (TWh)]]+Table29[[#This Row],[Oil supply (TWh)]]))*10^-3 -> 806.27106 | L33: 0.00212 | M33: =L33*10^6 -> 2120
B34: 2033 | D34: =_xlfn.FORECAST.LINEAR(Table29[[#This Row],[Year]],D29:D33,B29:B33) -> 135.09885 | E34: =Table29[[#This Row],[Gas supply (TWh)]]*M34 -> 286409.56 | F34: =AVERAGE(F30:F33) -> 886309.8 | G34: =F34*277.8*10^-6 -> 246.21686 | H34: =Table29[[#This Row],[Oil supply (TWh)]]*M34 -> 521979.75 | J34: =(M34*(Table29[[#This Row],[Gas supply (TWh)]]+Table29[[#This Row],[Oil supply (TWh)]]))*10^-3 -> 808.38931 | L34: 0.00212 | M34: =L34*10^6 -> 2120
B35: 2034 | D35: =_xlfn.FORECAST.LINEAR(Table29[[#This Row],[Year]],D30:D34,B30:B34) -> 136.35858 | E35: =Table29[[#This Row],[Gas supply (TWh)]]*M35 -> 289080.18 | F35: =AVERAGE(F31:F34) -> 886059.14 | G35: =F35*277.8*10^-6 -> 246.14723 | H35: =Table29[[#This Row],[Oil supply (TWh)]]*M35 -> 521832.13 | J35: =(M35*(Table29[[#This Row],[Gas supply (TWh)]]+Table29[[#This Row],[Oil supply (TWh)]]))*10^-3 -> 810.91231 | L35: 0.00212 | M35: =L35*10^6 -> 2120
B36: 2035 | D36: =_xlfn.FORECAST.LINEAR(Table29[[#This Row],[Year]],D31:D35,B31:B35) -> 137.45405 | E36: =Table29[[#This Row],[Gas supply (TWh)]]*M36 -> 291402.58 | F36: =AVERAGE(F32:F35) -> 886106.04 | G36: =F36*277.8*10^-6 -> 246.16026 | H36: =Table29[[#This Row],[Oil supply (TWh)]]*M36 -> 521859.75 | J36: =(M36*(Table29[[#This Row],[Gas supply (TWh)]]+Table29[[#This Row],[Oil supply (TWh)]]))*10^-3 -> 813.26233 | L36: 0.00212 | M36: =L36*10^6 -> 2120
B37: 2036 | D37: =_xlfn.FORECAST.LINEAR(Table29[[#This Row],[Year]],D32:D36,B32:B36) -> 138.55848 | E37: =Table29[[#This Row],[Gas supply (TWh)]]*M37 -> 293743.97 | F37: =AVERAGE(F33:F36) -> 886289.45 | G37: =F37*277.8*10^-6 -> 246.21121 | H37: =Table29[[#This Row],[Oil supply (TWh)]]*M37 -> 521967.76 | J37: =(M37*(Table29[[#This Row],[Gas supply (TWh)]]+Table29[[#This Row],[Oil supply (TWh)]]))*10^-3 -> 815.71173 | L37: 0.00212 | M37: =L37*10^6 -> 2120
B38: 2037 | D38: =_xlfn.FORECAST.LINEAR(Table29[[#This Row],[Year]],D33:D37,B33:B37) -> 139.73721 | E38: =Table29[[#This Row],[Gas supply (TWh)]]*M38 -> 296242.89 | F38: =AVERAGE(F34:F37) -> 886191.11 | G38: =F38*277.8*10^-6 -> 246.18389 | H38: =Table29[[#This Row],[Oil supply (TWh)]]*M38 -> 521909.85 | J38: =(M38*(Table29[[#This Row],[Gas supply (TWh)]]+Table29[[#This Row],[Oil supply (TWh)]]))*10^-3 -> 818.15274 | L38: 0.00212 | M38: =L38*10^6 -> 2120
... B51: 2050 | D51: =_xlfn.FORECAST.LINEAR(Table29[[#This Row],[Year]],D46:D50,B46:B50) -> 154.56353 | E51: =Table29[[#This Row],[Gas supply (TWh)]]*M51 -> 327674.69 | F51: =AVERAGE(F47:F50) -> 886190.36 | G51: =F51*277.8*10^-6 -> 246.18368 | H51: =Table29[[#This Row],[Oil supply (TWh)]]*M51 -> 521909.41 | J51: =(M51*(Table29[[#This Row],[Gas supply (TWh)]]+Table29[[#This Row],[Oil supply (TWh)]]))*10^-3 -> 849.5841 | L51: 0.00212 | M51: =L51*10^6 -> 2120
B52: Cumulative 2020-2050 | D52: =SUM(D21:D51) -> 4261.2964 | E52: =Table29[[#This Row],[Gas supply (TWh)]]*M52 -> 0 | F52: =SUM(F21:F51) -> 27504019 | G52: =SUM(G11:G51) -> 9875.0322 | H52: =Table29[[#This Row],[Oil supply (TWh)]]*M52 -> 0 | J52: =SUM(J21:J51) -> 20627.597 | M52: =L52*10^6 -> 0
J53: =(D52+G52)*K23*10^-3 -> 1795.6718
J54: =Table29[[#Totals],[CH4 emissions from oil and gas (1000 tonnes)]]*10^-3 -> 1.7956718 | K54: Mt
F56: Source: IEA
B57: Year | F57: Total oil supply (TJ) | G57: TWh | H57: CH4 emissions from oil | J57: CO2 emissions from oil (MtCO2e)
B58: 2000 | F58: 726289 | G58: =F58*277.8*10^-6 -> 201.76308 | J58: 38.853
B59: 2001 | F59: 800832 | G59: =F59*277.8*10^-6 -> 222.47113 | J59: 36.854
B60: 2002 | F60: 748507 | G60: =F60*277.8*10^-6 -> 207.93524 | J60: 33.491
B61: 2003 | F61: 869598 | G61: =F61*277.8*10^-6 -> 241.57432 | J61: 26.762
B62: 2004 | F62: 1048658 | G62: =F62*277.8*10^-6 -> 291.31719 | J62: 26.231
B63: 2005 | F63: 653180 | G63: =F63*277.8*10^-6 -> 181.4534 | J63: 24.108
B64: 2006 | F64: 701985 | G64: =F64*277.8*10^-6 -> 195.01143 | J64: 23.442
B65: 2007 | F65: 612115 | G65: =F65*277.8*10^-6 -> 170.04555 | J65: 23.877
B66: 2008 | F66: 738210 | G66: =F66*277.8*10^-6 -> 205.07474 | J66: 23.654
B67: 2009 | F67: 841762 | G67: =F67*277.8*10^-6 -> 233.84148 | J67: 24.047
B68: 2010 | F68: 735566 | G68: =F68*277.8*10^-6 -> 204.34023 | J68: 26.232
B69: 2011 | F69: 586680 | G69: =F69*277.8*10^-6 -> 162.9797 | J69: 28.061
... B81: 2023 | F81: 847955 | G81: =F81*277.8*10^-6 -> 235.5619 | J81: 20.06

Sheet Vehicle Population
A1: year | B1: make | C1: fuel_type | D1: number
A2: 2005 | B2: ALFA ROMEO | D2: 914
A3: 2005 | B3: ASTON MARTIN | D3: 23
A4: 2005 | B4: AUDI | D4: 2025
A5: 2005 | B5: AUSTIN | D5: 137
A6: 2005 | B6: B.M.W. | D6: 15351
A7: 2005 | B7: BENTLEY | D7: 68
A8: 2005 | B8: CADILLAC | D8: 7
A9: 2005 | B9: CHEVROLET | D9: 3699
A10: 2005 | B10: CHRYSLER | D10: 422
A11: 2005 | B11: CITROEN | D11: 696
A12: 2005 | B12: DAEWOO | D12: 817
A13: 2005 | B13: DAIHATSU | D13: 2065
... A937: 2018 | B937: CITROEN | D937: 3776
A938: 2018 | B938: DAEWOO
A939: 2018 | B939: DAIHATSU | D939: 1046
A940: 2018 | B940: DAIMLER | D940: 20
A941: 2018 | B941: DATSUN | D941: 15
A942: 2018 | B942: DODGE
A943: 2018 | B943: DONGFENG | D943: 27
A944: 2018 | B944: FERRARI | D944: 643
A945: 2018 | B945: FIAT | D945: 701
A946: 2018 | B946: FORD | D946: 2731
A947: 2018 | B947: FOTON
A948: 2018 | B948: GEELY | D948: 55
A949: 2018 | B949: GOLDEN DRAGON
A950: 2018 | B950: HAFEI | D950: 26
A951: 2018 | B951: HOLDEN
A952: 2018 | B952: HONDA | D952: 96201
A953: 2018 | B953: HUMMER | D953: 23
A954: 2018 | B954: HYUNDAI | D954: 30445
A955: 2018 | B955: INFINITI | D955: 1228
A956: 2018 | B956: ISUZU
A957: 2018 | B957: JAGUAR | D957: 3817
A958: 2018 | B958: JEEP | D958: 248
A959: 2018 | B959: KIA | D959: 22138
A960: 2018 | B960: LAMBORGHINI | D960: 295
A961: 2018 | B961: LANCIA | D961: 8
A962: 2018 | B962: LAND ROVER | D962: 2808
A963: 2018 | B963: LOTUS | D963: 114
A964: 2018 | B964: M.G. | D964: 124
A965: 2018 | B965: MASERATI | D965: 865
A966: 2018 | B966: MAXUS | D966: 12
A967: 2018 | B967: MAYBACH
A968: 2018 | B968: MAZDA | D968: 34024
A969: 2018 | B969: Mclaren | D969: 101
A970: 2018 | B970: MERCEDES BENZ | D970: 56726
A971: 2018 | B971: MG-F
A972: 2018 | B972: MINI | D972: 3421
A973: 2018 | B973: MINI MAYFAIR | D973: 5
A974: 2018 | B974: MITSUBISHI | D974: 20973
A975: 2018 | B975: MITSUOKA | D975: 36
A976: 2018 | B976: MORGAN | D976: 11
A977: 2018 | B977: MORRIS | D977: 93
A978: 2018 | B978: NAZA | D978: 5
A979: 2018 | B979: NISSAN | D979: 37620
A980: 2018 | B980: OPEL | D980: 2005
A981: 2018 | B981: PANTHER | D981: 7
A982: 2018 | B982: PERODUA | D982: 943
A983: 2018 | B983: PEUGEOT | D983: 4132
... A1016: 2019 | B1016: BYD | D1016: 109
A1017: 2019 | B1017: CHANA
A1018: 2019 | B1018: CHERY | D1018: 116
A1019: 2019 | B1019: CHEVROLET | D1019: 3793
A1020: 2019 | B1020: CHRYSLER | D1020: 95
A1021: 2019 | B1021: CITROEN | D1021: 3496
A1022: 2019 | B1022: DAEWOO
A1023: 2019 | B1023: DAIHATSU | D1023: 926
A1024: 2019 | B1024: DAIMLER | D1024: 20
A1025: 2019 | B1025: DATSUN | D1025: 17
A1026: 2019 | B1026: DODGE
A1027: 2019 | B1027: DONGFENG | D1027: 9
A1028: 2019 | B1028: FERRARI | D1028: 678
A1029: 2019 | B1029: FIAT | D1029: 366
A1030: 2019 | B1030: FORD | D1030: 2096
A1031: 2019 | B1031: FOTON
A1032: 2019 | B1032: GEELY | D1032: 13
A1033: 2019 | B1033: GOLDEN DRAGON
A1034: 2019 | B1034: HAFEI | D1034: 9
A1035: 2019 | B1035: HOLDEN
A1036: 2019 | B1036: HONDA | D1036: 106086
A1037: 2019 | B1037: HUMMER | D1037: 23
A1038: 2019 | B1038: HYUNDAI | D1038: 32269
A1039: 2019 | B1039: INFINITI | D1039: 1333
A1040: 2019 | B1040: ISUZU
A1041: 2019 | B1041: JAGUAR | D1041: 3607
A1042: 2019 | B1042: JEEP | D1042: 286
A1043: 2019 | B1043: KIA | D1043: 23290
A1044: 2019 | B1044: LAMBORGHINI | D1044: 346
A1045: 2019 | B1045: LANCIA | D1045: 8
A1046: 2019 | B1046: LAND ROVER | D1046: 2803
A1047: 2019 | B1047: LOTUS | D1047: 114
A1048: 2019 | B1048: M.G. | D1048: 126
A1049: 2019 | B1049: MASERATI | D1049: 939
A1050: 2019 | B1050: MAXUS | D1050: 27
A1051: 2019 | B1051: MAYBACH
A1052: 2019 | B1052: MAZDA | D1052: 34646
A1053: 2019 | B1053: Mclaren | D1053: 122
A1054: 2019 | B1054: MERCEDES BENZ | D1054: 61048
A1055: 2019 | B1055: MG-F
...

Sheet FLW Data
A3: 2020 (Population: 5.68 million) (UN Department of Economic and Social Affairs, Population Division, 2024)
J5: Source: World Bank Group
A6: Commodity Group | B6: Food Item | C6: EF (tCO2e/t food) | D6: Domestic production (t) | E6: AF | F6: FSC1 Input | G6: LF | H6: FSC1 Losses | I6: FSC1 Emissions | J6: Imports (t) | K6: Changes in stocks | L6: Exports | M6: FSC2 Input | N6: LF | O6: FSC2 Losses | P6: FSC2 Emissions | Q6: FSC3 Input | R6: LF | S6: FSC3 Losses | T6: FSC3 Emissions | U6: FSC4 Input | V6: LF | W6: FSC4 Losses | X6: FSC4 Emissions | Y6: FSC5 Input | Z6: LF | AA6: FSC5 Losses | AB6: FSC5 Emissions | AC6: Total Losses (t) | AD6: Total Emissions (t) | AE6: Total Emissions (Mt) | AG6: Net import emissions (t)
A7: Cereals | B7: Barley | C7: 0.75 | D7: 0 | E7: 0.36795184 | F7: =D7*E7 -> 0 | G7: 0.06 | H7: =F7*G7 -> 0 | I7: =H7*C7 -> 0 | J7: =240035.67*10^-3 -> 240.03567 | L7: =103030.39*10^-3 -> 103.03039 | M7: =(F7-H7)+(J7*E7)+(K7*E7)-(L7*E7) -> 50.411344 | N7: 0.0659 | O7: =M7*N7 -> 3.3221076 | P7: =O7*C7 -> 2.4915807 | Q7: =M7-O7 -> 47.089237 | R7: 0.07 | S7: =Q7*R7 -> 3.2962466 | T7: =S7*C7 -> 2.4721849 | U7: =Q7-S7 -> 43.79299 | V7: 0.0298 | W7: =U7*V7 -> 1.3050311 | X7: =W7*C7 -> 0.97877333 | Y7: =U7-W7 -> 42.487959 | Z7: 0.03 | AA7: =Y7*Z7 -> 1.2746388 | AB7: =AA7*C7 -> 0.95597908 | AC7: =H7+O7+S7+W7+AA7 -> 9.198024 | AD7: =I7+P7+T7+X7+AB7 -> 6.898518 | AE7: =AD7*10^-6 -> 6.898518e-06 | AG7: =(J7-L7)*C7 -> 102.75396
A8: Cereals | B8: Maize | C8: 1.73 | D8: 0 | E8: 0.31068539 | F8: =D8*E8 -> 0 | G8: 0.06 | H8: =F8*G8 -> 0 | I8: =H8*C8 -> 0 | J8: =(1885.31926142038+7552767.84207511+203216.71+13216042.41+1885.32)*10^-3 -> 20975.798 | L8: =0.001*(294433.82+738699.15+5340) -> 1038.473 | M8: =(F8-H8)+(J8*E8)+(K8*E8)-(L8*E8) -> 6194.2355 | N8: 0.0659 | O8: =M8*N8 -> 408.20012 | P8: =O8*C8 -> 706.1862 | Q8: =M8-O8 -> 5786.0354 | R8: 0.07 | S8: =Q8*R8 -> 405.02248 | T8: =S8*C8 -> 700.68888 | U8: =Q8-S8 -> 5381.0129 | V8: 0.0298 | W8: =U8*V8 -> 160.35418 | X8: =W8*C8 -> 277.41274 | Y8: =U8-W8 -> 5220.6587 | Z8: 0.03 | AA8: =Y8*Z8 -> 156.61976 | AB8: =AA8*C8 -> 270.95219 | AC8: =H8+O8+S8+W8+AA8 -> 1130.1965 | AD8: =I8+P8+T8+X8+AB8 -> 1955.24 | AE8: =AD8*10^-6 -> 0.00195524 | AG8: =(J8-L8)*C8 -> 34491.572
A9: Cereals | B9: Millet | C9: 0.93 | D9: 0 | E9: 0.93365991 | F9: =D9*E9 -> 0 | G9: 0.06 | H9: =F9*G9 -> 0 | I9: =H9*C9 -> 0 | J9: =249156.883219859*10^-3 -> 249.15688 | L9: =0.001*14460 -> 14.46 | M9: =(F9-H9)+(J9*E9)+(K9*E9)-(L9*E9) -> 219.12707 | N9: 0.0659 | O9: =M9*N9 -> 14.440474 | P9: =O9*C9 -> 13.429641 | Q9: =M9-O9 -> 204.6866 | R9: 0.07 | S9: =Q9*R9 -> 14.328062 | T9: =S9*C9 -> 13.325098 | U9: =Q9-S9 -> 190.35854 | V9: 0.0298 | W9: =U9*V9 -> 5.6726844 | X9: =W9*C9 -> 5.2755965 | Y9: =U9-W9 -> 184.68585 | Z9: 0.03 | AA9: =Y9*Z9 -> 5.5405755 | AB9: =AA9*C9 -> 5.1527353 | AC9: =H9+O9+S9+W9+AA9 -> 39.981796 | AD9: =I9+P9+T9+X9+AB9 -> 37.18307 | AE9: =AD9*10^-6 -> 3.718307e-05 | AG9: =(J9-L9)*C9 -> 218.2681
A10: Cereals | B10: Oats | C10: 0.93 | D10: 0 | E10: 0.83510638 | F10: =D10*E10 -> 0 | G10: 0.06 | H10: =F10*G10 -> 0 | I10: =H10*C10 -> 0 | J10: =10^-3*(2097688.5+671067.17+174766.56) -> 2943.5222 | L10: =0.001*(80764.38+176109.23+8010) -> 264.88361 | M10: =(F10-H10)+(J10*E10)+(K10*E10)-(L10*E10) -> 2236.9482 | N10: 0.0659 | O10: =M10*N10 -> 147.41489 | P10: =O10*C10 -> 137.09584 | Q10: =M10-O10 -> 2089.5333 | R10: 0.07 | S10: =Q10*R10 -> 146.26733 | T10: =S10*C10 -> 136.02862 | U10: =Q10-S10 -> 1943.266 | V10: 0.0298 | W10: =U10*V10 -> 57.909326 | X10: =W10*C10 -> 53.855674 | Y10: =U10-W10 -> 1885.3567 | Z10: 0.03 | AA10: =Y10*Z10 -> 56.5607 | AB10: =AA10*C10 -> 52.601451 | AC10: =H10+O10+S10+W10+AA10 -> 408.15225 | AD10: =I10+P10+T10+X10+AB10 -> 379.58159 | AE10: =AD10*10^-6 -> 0.00037958159 | AG10: =(J10-L10)*C10 -> 2491.1339
A11: Cereals | B11: Rice | C11: 1.91 | D11: 0 | E11: 0.6453202 | F11: =D11*E11 -> 0 | G11: 0.06 | H11: =F11*G11 -> 0 | I11: =H11*C11 -> 0 | J11: =10^-3*(400+9610062.89+13859330+372947700) -> 396417.49 | L11: =0.001*(1200+36211.89+100361020+9.42) -> 100398.44 | M11: =(F11-H11)+(J11*E11)+(K11*E11)-(L11*E11) -> 191027.07 | N11: 0.0659 | O11: =M11*N11 -> 12588.684 | P11: =O11*C11 -> 24044.387 | Q11: =M11-O11 -> 178438.39 | R11: 0.07 | S11: =Q11*R11 -> 12490.687 | T11: =S11*C11 -> 23857.213 | U11: =Q11-S11 -> 165947.7 | V11: 0.0298 | W11: =U11*V11 -> 4945.2415 | X11: =W11*C11 -> 9445.4113 | Y11: =U11-W11 -> 161002.46 | Z11: 0.03 | AA11: =Y11*Z11 -> 4830.0738 | AB11: =AA11*C11 -> 9225.441 | AC11: =H11+O11+S11+W11+AA11 -> 34854.687 | AD11: =I11+P11+T11+X11+AB11 -> 66572.451 | AE11: =AD11*10^-6 -> 0.066572451 | AG11: =(J11-L11)*C11 -> 565396.39
A12: Cereals | B12: Rye | C12: 0.7 | D12: 0 | E12: 0.83836158 | F12: =D12*E12 -> 0 | G12: 0.06 | H12: =F12*G12 -> 0 | I12: =H12*C12 -> 0 | J12: 1000 | L12: =50*10^-3 -> 0.05 | M12: =(F12-H12)+(J12*E12)+(K12*E12)-(L12*E12) -> 838.31966 | N12: 0.0659 | O12: =M12*N12 -> 55.245265 | P12: =O12*C12 -> 38.671686 | Q12: =M12-O12 -> 783.07439 | R12: 0.07 | S12: =Q12*R12 -> 54.815207 | T12: =S12*C12 -> 38.370645 | U12: =Q12-S12 -> 728.25919 | V12: 0.0298 | W12: =U12*V12 -> 21.702124 | X12: =W12*C12 -> 15.191487 | Y12: =U12-W12 -> 706.55706 | Z12: 0.03 | AA12: =Y12*Z12 -> 21.196712 | AB12: =AA12*C12 -> 14.837698 | AC12: =H12+O12+S12+W12+AA12 -> 152.95931 | AD12: =I12+P12+T12+X12+AB12 -> 107.07152 | AE12: =AD12*10^-6 -> 0.00010707152 | AG12: =(J12-L12)*C12 -> 699.965
A13: Cereals | B13: Sorghum | C13: 0.93 | D13: 0 | E13: 0.125 | F13: =D13*E13 -> 0 | G13: 0.06 | H13: =F13*G13 -> 0 | I13: =H13*C13 -> 0 | J13: =5087.02*10^-3 -> 5.08702 | L13: =0.001*3145.75 -> 3.14575 | M13: =(F13-H13)+(J13*E13)+(K13*E13)-(L13*E13) -> 0.24265875 | N13: 0.0659 | O13: =M13*N13 -> 0.015991212 | P13: =O13*C13 -> 0.014871827 | Q13: =M13-O13 -> 0.22666754 | R13: 0.07 | S13: =Q13*R13 -> 0.015866728 | T13: =S13*C13 -> 0.014756057 | U13: =Q13-S13 -> 0.21080081 | V13: 0.0298 | W13: =U13*V13 -> 0.0062818642 | X13: =W13*C13 -> 0.0058421337 | Y13: =U13-W13 -> 0.20451895 | Z13: 0.03 | AA13: =Y13*Z13 -> 0.0061355684 | AB13: =AA13*C13 -> 0.0057060786 | AC13: =H13+O13+S13+W13+AA13 -> 0.044275372 | AD13: =I13+P13+T13+X13+AB13 -> 0.041176096 | AE13: =AD13*10^-6 -> 4.1176096e-08 | AG13: =(J13-L13)*C13 -> 1.8053811
A14: Cereals | B14: Wheat | C14: 0.46 | D14: 0 | E14: 0.91825351 | F14: =D14*E14 -> 0 | G14: 0.06 | H14: =F14*G14 -> 0 | I14: =H14*C14 -> 0 | J14: =10^-3*(244381139.68+372272.27+760504.74) -> 245513.92 | L14: =0.001*(691.74+3320+6100) -> 10.11174 | M14: =(F14-H14)+(J14*E14)+(K14*E14)-(L14*E14) -> 225434.73 | N14: 0.0659 | O14: =M14*N14 -> 14856.149 | P14: =O14*C14 -> 6833.8284 | Q14: =M14-O14 -> 210578.58 | R14: 0.07 | S14: =Q14*R14 -> 14740.501 | T14: =S14*C14 -> 6780.6303 | U14: =Q14-S14 -> 195838.08 | V14: 0.0298 | W14: =U14*V14 -> 5835.9748 | X14: =W14*C14 -> 2684.5484 | Y14: =U14-W14 -> 190002.11 | Z14: 0.03 | AA14: =Y14*Z14 -> 5700.0632 | AB14: =AA14*C14 -> 2622.0291 | AC14: =H14+O14+S14+W14+AA14 -> 41132.687 | AD14: =I14+P14+T14+X14+AB14 -> 18921.036 | AE14: =AD14*10^-6 -> 0.018921036 | AG14: =(J14-L14)*C14 -> 112931.75
A15: Cereals | B15: Other Cereals | C15: 0.93 | D15: 0 | E15: 0.89187383 | F15: =D15*E15 -> 0 | G15: 0.06 | H15: =F15*G15 -> 0 | I15: =H15*C15 -> 0 | J15: =10^-3*(126298.3+240035.67+1362679.92+2598555.42+65650.42) -> 4393.2197 | L15: =0.001*(99296.66+1380.97+40572.8+117920) -> 259.17043 | M15: =(F15-H15)+(J15*E15)+(K15*E15)-(L15*E15) -> 3687.0504 | N15: 0.0659 | O15: =M15*N15 -> 242.97662 | P15: =O15*C15 -> 225.96826 | Q15: =M15-O15 -> 3444.0738 | R15: 0.07 | S15: =Q15*R15 -> 241.08516 | T15: =S15*C15 -> 224.2092 | U15: =Q15-S15 -> 3202.9886 | V15: 0.0298 | W15: =U15*V15 -> 95.44906 | X15: =W15*C15 -> 88.767626 | Y15: =U15-W15 -> 3107.5395 | Z15: 0.03 | AA15: =Y15*Z15 -> 93.226186 | AB15: =AA15*C15 -> 86.700353 | AC15: =H15+O15+S15+W15+AA15 -> 672.73703 | AD15: =I15+P15+T15+X15+AB15 -> 625.64544 | AE15: =AD15*10^-6 -> 0.00062564544 | AG15: =(J15-L15)*C15 -> 3844.6658
A16: Fruit & Vegetables | B16: Apples | C16: 0.34 | D16: 0 | E16: 1 | F16: =D16*E16 -> 0 | G16: 0.0871 | H16: =F16*G16 -> 0 | I16: =H16*C16 -> 0 | J16: =46221.1+9.343 -> 46230.443 | L16: =3959.84+0.01 -> 3959.85 | M16: =(F16-H16)+(J16*E16)+(K16*E16)-(L16*E16) -> 42270.593 | N16: 0.0987 | O16: =M16*N16 -> 4172.1075 | P16: =O16*C16 -> 1418.5166 | Q16: =M16-O16 -> 38098.485 | R16: 0.25 | S16: =Q16*R16 -> 9524.6214 | T16: =S16*C16 -> 3238.3713 | U16: =Q16-S16 -> 28573.864 | V16: 0.1296 | W16: =U16*V16 -> 3703.1728 | X16: =W16*C16 -> 1259.0787 | Y16: =U16-W16 -> 24870.691 | Z16: 0.1816 | AA16: =Y16*Z16 -> 4516.5175 | AB16: =AA16*C16 -> 1535.616 | AC16: =H16+O16+S16+W16+AA16 -> 21916.419 | AD16: =I16+P16+T16+X16+AB16 -> 7451.5825 | AE16: =AD16*10^-6 -> 0.0074515825 | AG16: =(J16-L16)*C16 -> 14372.002
A17: Fruit & Vegetables | B17: Bananas | C17: 0.45 | D17: 0 | E17: 0.99620668 | F17: =D17*E17 -> 0 | G17: 0.0871 | H17: =F17*G17 -> 0 | I17: =H17*C17 -> 0 | J17: =0.001*59095985.76 -> 59095.986 | L17: =28924.29*0.001 -> 28.92429 | M17: =(F17-H17)+(J17*E17)+(K17*E17)-(L17*E17) -> 58843.001 | N17: 0.0987 | O17: =M17*N17 -> 5807.8042 | P17: =O17*C17 -> 2613.5119 | Q17: =M17-O17 -> 53035.197 | R17: 0.25 | S17: =Q17*R17 -> 13258.799 | T17: =S17*C17 -> 5966.4597 | U17: =Q17-S17 -> 39776.398 | V17: 0.1296 | W17: =U17*V17 -> 5155.0212 | X17: =W17*C17 -> 2319.7595 | Y17: =U17-W17 -> 34621.377 | Z17: 0.1816 | AA17: =Y17*Z17 -> 6287.242 | AB17: =AA17*C17 -> 2829.2589 | AC17: =H17+O17+S17+W17+AA17 -> 30508.867 | AD17: =I17+P17+T17+X17+AB17 -> 13728.99 | AE17: =AD17*10^-6 -> 0.01372899 | AG17: =(J17-L17)*C17 -> 26580.178
A18: Fruit & Vegetables | B18: Citrus | C18: 0.23 | D18: 0 | E18: 1 | F18: =D18*E18 -> 0 | G18: 0.0871 | H18: =F18*G18 -> 0 | I18: =H18*C18 -> 0 | J18: =0.001*315533684.97 -> 315533.68 | L18: =16602893.48*0.001 -> 16602.893 | M18: =(F18-H18)+(J18*E18)+(K18*E18)-(L18*E18) -> 298930.79 | N18: 0.0987 | O18: =M18*N18 -> 29504.469 | P18: =O18*C18 -> 6786.0279 | Q18: =M18-O18 -> 269426.32 | R18: 0.25 | S18: =Q18*R18 -> 67356.581 | T18: =S18*C18 -> 15492.014 | U18: =Q18-S18 -> 202069.74 | V18: 0.1296 | W18: =U18*V18 -> 26188.239 | X18: =W18*C18 -> 6023.2949 | Y18: =U18-W18 -> 175881.5 | Z18: 0.1816 | AA18: =Y18*Z18 -> 31940.081 | AB18: =AA18*C18 -> 7346.2186 | AC18: =H18+O18+S18+W18+AA18 -> 154989.37 | AD18: =I18+P18+T18+X18+AB18 -> 35647.555 | AE18: =AD18*10^-6 -> 0.035647555 | AG18: =(J18-L18)*C18 -> 68754.082
A19: Fruit & Vegetables | B19: Grapes | C19: 0.62 | D19: 0 | E19: 1 | F19: =D19*E19 -> 0 | G19: 0.0871 | H19: =F19*G19 -> 0 | I19: =H19*C19 -> 0 | J19: =16131.2+1669.26 -> 17800.46 | L19: =1573.24+339.434 -> 1912.674 | M19: =(F19-H19)+(J19*E19)+(K19*E19)-(L19*E19) -> 15887.786 | N19: 0.0987 | O19: =M19*N19 -> 1568.1245 | P19: =O19*C19 -> 972.23718 | Q19: =M19-O19 -> 14319.662 | R19: 0.25 | S19: =Q19*R19 -> 3579.9154 | T19: =S19*C19 -> 2219.5475 | U19: =Q19-S19 -> 10739.746 | V19: 0.1296 | W19: =U19*V19 -> 1391.8711 | X19: =W19*C19 -> 862.96008 | Y19: =U19-W19 -> 9347.875 | Z19: 0.1816 | AA19: =Y19*Z19 -> 1697.5741 | AB19: =AA19*C19 -> 1052.4959 | AC19: =H19+O19+S19+W19+AA19 -> 8237.4851 | AD19: =I19+P19+T19+X19+AB19 -> 5107.2407 | AE19: =AD19*10^-6 -> 0.0051072407 | AG19: =(J19-L19)*C19 -> 9850.4273
A20: Fruit & Vegetables | B20: Other Fruit | C20: 0.84 | D20: 0 | E20: 1 | F20: =D20*E20 -> 0 | G20: 0.0871 | H20: =F20*G20 -> 0 | I20: =H20*C20 -> 0 | J20: =0.001*189998836.64 -> 189998.84 | L20: =66370685.4*0.001 -> 66370.685 | M20: =(F20-H20)+(J20*E20)+(K20*E20)-(L20*E20) -> 123628.15 | N20: 0.0987 | O20: =M20*N20 -> 12202.099 | P20: =O20*C20 -> 10249.763 | Q20: =M20-O20 -> 111426.05 | R20: 0.25 | S20: =Q20*R20 -> 27856.513 | T20: =S20*C20 -> 23399.471 | U20: =Q20-S20 -> 83569.54 | V20: 0.1296 | W20: =U20*V20 -> 10830.612 | X20: =W20*C20 -> 9097.7144 | Y20: =U20-W20 -> 72738.927 | Z20: 0.1816 | AA20: =Y20*Z20 -> 13209.389 | AB20: =AA20*C20 -> 11095.887 | AC20: =H20+O20+S20+W20+AA20 -> 64098.613 | AD20: =I20+P20+T20+X20+AB20 -> 53842.835 | AE20: =AD20*10^-6 -> 0.053842835 | AG20: =(J20-L20)*C20 -> 103847.65
A21: Fruit & Vegetables | B21: Vegetables | C21: 0.81 | D21: 22793 | E21: 0.99988602 | F21: =D21*E21 -> 22790.402 | G21: 0.0871 | H21: =F21*G21 -> 1985.044 | I21: =H21*C21 -> 1607.8857 | J21: =0.001*575260036.43 -> 575260.04 | L21: =0.001*25193075 -> 25193.075 | M21: =(F21-H21)+(J21*E21)+(K21*E21)-(L21*E21) -> 570809.62 | N21: 0.0987 | O21: =M21*N21 -> 56338.91 | P21: =O21*C21 -> 45634.517 | Q21: =M21-O21 -> 514470.72 | R21: 0.25 | S21: =Q21*R21 -> 128617.68 | T21: =S21*C21 -> 104180.32 | U21: =Q21-S21 -> 385853.04 | V21: 0.1296 | W21: =U21*V21 -> 50006.553 | X21: =W21*C21 -> 40505.308 | Y21: =U21-W21 -> 335846.48 | Z21: 0.1816 | AA21: =Y21*Z21 -> 60989.721 | AB21: =AA21*C21 -> 49401.674 | AC21: =H21+O21+S21+W21+AA21 -> 297937.91 | AD21: =I21+P21+T21+X21+AB21 -> 241329.71 | AE21: =AD21*10^-6 -> 0.24132971 | AG21: =(J21-L21)*C21 -> 445554.24
A22: Marine | B22: Fish & Seafood | C22: 5.29 | D22: 4567 | E22: 0.91631203 | F22: =D22*E22 -> 4184.797 | G22: 0.082 | H22: =F22*G22 -> 343.15336 | I22: =H22*C22 -> 1815.2813 | J22: =0.001*129826989.01 -> 129826.99 | L22: =17393428*0.001 -> 17393.428 | M22: =(F22-H22)+(J22*E22)+(K22*E22)-(L22*E22) -> 106865.87 | N22: 0.2547 | O22: =M22*N22 -> 27218.736 | P22: =O22*C22 -> 143987.12 | Q22: =M22-O22 -> 79647.131 | R22: 0.09 | S22: =Q22*R22 -> 7168.2418 | T22: =S22*C22 -> 37919.999 | U22: =Q22-S22 -> 72478.889 | V22: 0.1233 | W22: =U22*V22 -> 8936.6471 | X22: =W22*C22 -> 47274.863 | Y22: =U22-W22 -> 63542.242 | Z22: 0.02 | AA22: =Y22*Z22 -> 1270.8448 | AB22: =AA22*C22 -> 6722.7692 | AC22: =H22+O22+S22+W22+AA22 -> 44937.624 | AD22: =I22+P22+T22+X22+AB22 -> 237720.03 | AE22: =AD22*10^-6 -> 0.23772003 | AG22: =(J22-L22)*C22 -> 594773.54
A23: Meat | B23: Bovine | C23: 39.08 | D23: 0 | E23: 1 | F23: =D23*E23 -> 0 | G23: 0.1 | H23: =F23*G23 -> 0 | I23: =H23*C23 -> 0 | J23: =0.001*401024266 -> 401024.27 | L23: =0.001*171088883 -> 171088.88 | M23: =(F23-H23)+(J23*E23)+(K23*E23)-(L23*E23) -> 229935.38 | N23: 0.0021 | O23: =M23*N23 -> 482.8643 | P23: =O23*C23 -> 18870.337 | Q23: =M23-O23 -> 229452.52 | R23: 0.05 | S23: =Q23*R23 -> 11472.626 | T23: =S23*C23 -> 448350.22 | U23: =Q23-S23 -> 217979.89 | V23: 0.07 | W23: =U23*V23 -> 15258.592 | X23: =W23*C23 -> 596305.79 | Y23: =U23-W23 -> 202721.3 | Z23: 0.04 | AA23: =Y23*Z23 -> 8108.852 | AB23: =AA23*C23 -> 316893.94 | AC23: =H23+O23+S23+W23+AA23 -> 35322.935 | AD23: =I23+P23+T23+X23+AB23 -> 1380420.3 | AE23: =AD23*10^-6 -> 1.3804203 | AG23: =(J23-L23)*C23 -> 8985874.8
A24: Meat | B24: Mutton & Goat | C24: 15.71 | D24: 0 | E24: 1 | F24: =D24*E24 -> 0 | G24: 0.1 | H24: =F24*G24 -> 0 | I24: =H24*C24 -> 0 | J24: 15999.47 | L24: =0.001*1676525 -> 1676.525 | M24: =(F24-H24)+(J24*E24)+(K24*E24)-(L24*E24) -> 14322.945 | N24: 0.002 | O24: =M24*N24 -> 28.64589 | P24: =O24*C24 -> 450.02693 | Q24: =M24-O24 -> 14294.299 | R24: 0.05 | S24: =Q24*R24 -> 714.71496 | T24: =S24*C24 -> 11228.172 | U24: =Q24-S24 -> 13579.584 | V24: 0.07 | W24: =U24*V24 -> 950.57089 | X24: =W24*C24 -> 14933.469 | Y24: =U24-W24 -> 12629.013 | Z24: 0.04 | AA24: =Y24*Z24 -> 505.16053 | AB24: =AA24*C24 -> 7936.0719 | AC24: =H24+O24+S24+W24+AA24 -> 2199.0923 | AD24: =I24+P24+T24+X24+AB24 -> 34547.74 | AE24: =AD24*10^-6 -> 0.03454774 | AG24: =(J24-L24)*C24 -> 225013.47
A25: Meat | B25: Pig | C25: 6.92 | D25: 0 | E25: 1 | F25: =D25*E25 -> 0 | G25: 0.06 | H25: =F25*G25 -> 0 | I25: =H25*C25 -> 0 | J25: 107095.85 | L25: =0.001*7896757 -> 7896.757 | M25: =(F25-H25)+(J25*E25)+(K25*E25)-(L25*E25) -> 99199.097 | N25: 0.0047 | O25: =M25*N25 -> 466.23576 | P25: =O25*C25 -> 3226.3514 | Q25: =M25-O25 -> 98732.861 | R25: 0.05 | S25: =Q25*R25 -> 4936.6431 | T25: =S25*C25 -> 34161.57 | U25: =Q25-S25 -> 93796.218 | V25: 0.07 | W25: =U25*V25 -> 6565.7353 | X25: =W25*C25 -> 45434.888 | Y25: =U25-W25 -> 87230.483 | Z25: 0.04 | AA25: =Y25*Z25 -> 3489.2193 | AB25: =AA25*C25 -> 24145.398 | AC25: =H25+O25+S25+W25+AA25 -> 15457.833 | AD25: =I25+P25+T25+X25+AB25 -> 106968.21 | AE25: =AD25*10^-6 -> 0.10696821 | AG25: =(J25-L25)*C25 -> 686457.75
A26: Meat | B26: Poultry | C26: 4.68 | D26: 0 | E26: 0.9808929 | F26: =D26*E26 -> 0 | G26: 0.08 | H26: =F26*G26 -> 0 | I26: =H26*C26 -> 0 | J26: 195652.17 | L26: =0.001*29848933.06 -> 29848.933 | M26: =(F26-H26)+(J26*E26)+(K26*E26)-(L26*E26) -> 162635.22 | N26: 0.0097 | O26: =M26*N26 -> 1577.5616 | P26: =O26*C26 -> 7382.9884 | Q26: =M26-O26 -> 161057.66 | R26: 0.05 | S26: =Q26*R26 -> 8052.8828 | T26: =S26*C26 -> 37687.492 | U26: =Q26-S26 -> 153004.77 | V26: 0.07 | W26: =U26*V26 -> 10710.334 | X26: =W26*C26 -> 50124.364 | Y26: =U26-W26 -> 142294.44 | Z26: 0.04 | AA26: =Y26*Z26 -> 5691.7776 | AB26: =AA26*C26 -> 26637.519 | AC26: =H26+O26+S26+W26+AA26 -> 26032.556 | AD26: =I26+P26+T26+X26+AB26 -> 121832.36 | AE26: =AD26*10^-6 -> 0.12183236 | AG26: =(J26-L26)*C26 -> 775959.15
A27: Milk & Eggs | B27: Eggs | C27: 3.06 | D27: =616*60*10^-6 -> 0.03696 | E27: 0.90840606 | F27: =D27*E27 -> 0.033574688 | G27: 0.08 | H27: =F27*G27 -> 0.002685975 | I27: =H27*C27 -> 0.0082190836 | J27: =0.001*96281880.59 -> 96281.881 | L27: =0.001*2128779.68 -> 2128.7797 | M27: =(F27-H27)+(J27*E27)+(K27*E27)-(L27*E27) -> 85529.278 | N27: 0.0723 | O27: =M27*N27 -> 6183.7668 | P27: =O27*C27 -> 18922.326 | Q27: =M27-O27 -> 79345.511 | R27: 0.001 | S27: =Q27*R27 -> 79.345511 | T27: =S27*C27 -> 242.79726 | U27: =Q27-S27 -> 79266.166 | V27: 0.03 | W27: =U27*V27 -> 2377.985 | X27: =W27*C27 -> 7276.634 | Y27: =U27-W27 -> 76888.181 | Z27: 0.02 | AA27: =Y27*Z27 -> 1537.7636 | AB27: =AA27*C27 -> 4705.5567 | AC27: =H27+O27+S27+W27+AA27 -> 10178.864 | AD27: =I27+P27+T27+X27+AB27 -> 31147.323 | AE27: =AD27*10^-6 -> 0.031147323 | AG27: =(J27-L27)*C27 -> 288108.49
A28: Milk & Eggs | B28: Milk | C28: 2.31 | D28: 0 | E28: 0.83337698 | F28: =D28*E28 -> 0 | G28: 0.035 | H28: =F28*G28 -> 0 | I28: =H28*C28 -> 0 | J28: =237508883.05*10^-3 -> 237508.88 | L28: =0.001*12038141.5 -> 12038.141 | M28: =(F28-H28)+(J28*E28)+(K28*E28)-(L28*E28) -> 187902.13 | N28: 0.0468 | O28: =M28*N28 -> 8793.8195 | P28: =O28*C28 -> 20313.723 | Q28: =M28-O28 -> 179108.31 | R28: 0.02 | S28: =Q28*R28 -> 3582.1661 | T28: =S28*C28 -> 8274.8037 | U28: =Q28-S28 -> 175526.14 | V28: 0.1 | W28: =U28*V28 -> 17552.614 | X28: =W28*C28 -> 40546.538 | Y28: =U28-W28 -> 157973.53 | Z28: 0.01 | AA28: =Y28*Z28 -> 1579.7353 | AB28: =AA28*C28 -> 3649.1884 | AC28: =H28+O28+S28+W28+AA28 -> 31508.335 | AD28: =I28+P28+T28+X28+AB28 -> 72784.253 | AE28: =AD28*10^-6 -> 0.072784253 | AG28: =(J28-L28)*C28 -> 520837.41
A29: Oil crops & Pulses | B29: Oil crops | C29: 1.96 | D29: 0 | E29: 0.95656293 | F29: =D29*E29 -> 0 | G29: 0.07 | H29: =F29*G29 -> 0 | I29: =H29*C29 -> 0 | J29: =44428943*10^-3 -> 44428.943 | L29: =0.001*2643905.42 -> 2643.9054 | M29: =(F29-H29)+(J29*E29)+(K29*E29)-(L29*E29) -> 39970.018 | N29: 0.034 | O29: =M29*N29 -> 1358.9806 | P29: =O29*C29 -> 2663.602 | Q29: =M29-O29 -> 38611.037 | R29: 0.08 | S29: =Q29*R29 -> 3088.883 | T29: =S29*C29 -> 6054.2107 | U29: =Q29-S29 -> 35522.154 | V29: 0.02 | W29: =U29*V29 -> 710.44309 | X29: =W29*C29 -> 1392.4685 | Y29: =U29-W29 -> 34811.711 | Z29: 0.01 | AA29: =Y29*Z29 -> 348.11711 | AB29: =AA29*C29 -> 682.30954 | AC29: =H29+O29+S29+W29+AA29 -> 5506.4238 | AD29: =I29+P29+T29+X29+AB29 -> 10792.591 | AE29: =AD29*10^-6 -> 0.010792591 | AG29: =(J29-L29)*C29 -> 81898.674
A30: Oil crops & Pulses | B30: Pulses | C30: 0.34 | D30: 0 | E30: 0.78076999 | F30: =D30*E30 -> 0 | G30: 0.07 | H30: =F30*G30 -> 0 | I30: =H30*C30 -> 0 | J30: =21651816.59*10^-3 -> 21651.817 | L30: =0.001*1557977 -> 1557.977 | M30: =(F30-H30)+(J30*E30)+(K30*E30)-(L30*E30) -> 15688.667 | N30: 0.034 | O30: =M30*N30 -> 533.41468 | P30: =O30*C30 -> 181.36099 | Q30: =M30-O30 -> 15155.252 | R30: 0.08 | S30: =Q30*R30 -> 1212.4202 | T30: =S30*C30 -> 412.22286 | U30: =Q30-S30 -> 13942.832 | V30: 0.02 | W30: =U30*V30 -> 278.85664 | X30: =W30*C30 -> 94.811258 | Y30: =U30-W30 -> 13663.975 | Z30: 0.01 | AA30: =Y30*Z30 -> 136.63975 | AB30: =AA30*C30 -> 46.457517 | AC30: =H30+O30+S30+W30+AA30 -> 2161.3313 | AD30: =I30+P30+T30+X30+AB30 -> 734.85263 | AE30: =AD30*10^-6 -> 0.00073485263 | AG30: =(J30-L30)*C30 -> 6831.9055
A31: Roots & Tubers | B31: Starchy Roots | C31: 0.16 | D31: 0 | E31: 0.73231269 | F31: =D31*E31 -> 0 | G31: 0.0815 | H31: =F31*G31 -> 0 | I31: =H31*C31 -> 0 | J31: =10^-3*73754215 -> 73754.215 | L31: =0.001*1669222.74 -> 1669.2227 | M31: =(F31-H31)+(J31*E31)+(K31*E31)-(L31*E31) -> 52788.755 | N31: 0.1211 | O31: =M31*N31 -> 6392.7182 | P31: =O31*C31 -> 1022.8349 | Q31: =M31-O31 -> 46396.037 | R31: 0.1 | S31: =Q31*R31 -> 4639.6037 | T31: =S31*C31 -> 742.33658 | U31: =Q31-S31 -> 41756.433 | V31: 0.1078 | W31: =U31*V31 -> 4501.3435 | X31: =W31*C31 -> 720.21495 | Y31: =U31-W31 -> 37255.089 | Z31: 0.0388 | AA31: =Y31*Z31 -> 1445.4975 | AB31: =AA31*C31 -> 231.2796 | AC31: =H31+O31+S31+W31+AA31 -> 16979.163 | AD31: =I31+P31+T31+X31+AB31 -> 2716.666 | AE31: =AD31*10^-6 -> 0.002716666 | AG31: =(J31-L31)*C31 -> 11533.599
C32: =AVERAGE(C7:C31) -> 3.6828 | J32: =SUM(J7:J31) -> 3198882.2 | L32: =SUM(L7:L31) -> 464102.42 | AC32: =SUM(AC7:AC31) -> 846373.46 | AD32: =SUM(AD7:AD31) -> 2445377.4 | AE32: =AD32*10^-6 -> 2.4453774 | AG32: =SUM(AG7:AG31)*10^-6 -> 13.566426 | AH32: Total (Mt)
AC33: =AC32/5680000 -> 0.14900941 | AG33: =SUM(AG22:AG28)*10^-6 -> 12.077025 | AH33: Meat (Mt)
A36: 2050 (Population: 6.091 million) (UN Department of Economic and Social Affairs, Population Division, 2024)
J38: Source: Author's own calculations
A39: Commodity Group | B39: Food Item | C39: EF (tCO2e/t food) | D39: Domestic production (t) | E39: AF | F39: FSC1 Input | G39: LF | H39: FSC1 Losses | I39: FSC1 Emissions | J39: Imports (t) | K39: Changes in stocks | L39: Exports | M39: FSC2 Input | N39: LF | O39: FSC2 Losses | P39: FSC2 Emissions | Q39: FSC3 Input | R39: LF | S39: FSC3 Losses | T39: FSC3 Emissions | U39: FSC4 Input | V39: LF | W39: FSC4 Losses | X39: FSC4 Emissions | Y39: FSC5 Input | Z39: LF | AA39: FSC5 Losses | AB39: FSC5 Emissions | AC39: Total Losses | AD39: Total Emissions (t) | AE39: Total Emissions (Mt) | AG39: Net import emissions (t)
A40: Cereals | B40: Barley | C40: 0.75 | D40: 0 | E40: 0.36795184 | F40: =D40*E40 -> 0 | G40: 0.06 | H40: =F40*G40 -> 0 | I40: =H40*C40 -> 0 | J40: =J7/5.68*6.091 -> 257.40445 | L40: =L7/5.68*6.091 -> 110.48558 | M40: =(F40-H40)+(J40*E40)+(K40*E40)-(L40*E40) -> 54.059066 | N40: 0.0659 | O40: =M40*N40 -> 3.5624925 | P40: =O40*C40 -> 2.6718694 | Q40: =M40-O40 -> 50.496574 | R40: 0.07 | S40: =Q40*R40 -> 3.5347602 | T40: =S40*C40 -> 2.6510701 | U40: =Q40-S40 -> 46.961814 | V40: 0.0298 | W40: =U40*V40 -> 1.3994621 | X40: =W40*C40 -> 1.0495965 | Y40: =U40-W40 -> 45.562352 | Z40: 0.03 | AA40: =Y40*Z40 -> 1.3668706 | AB40: =AA40*C40 -> 1.0251529 | AC40: =H40+O40+S40+W40+AA40 -> 9.8635853 | AD40: =I40+P40+T40+X40+AB40 -> 7.3976889 | AE40: =AD40*10^-6 -> 7.3976889e-06 | AG40: =(J40-L40)*C40 -> 110.18915
A41: Cereals | B41: Maize | C41: 1.73 | D41: 0 | E41: 0.31068539 | F41: =D41*E41 -> 0 | G41: 0.06 | H41: =F41*G41 -> 0 | I41: =H41*C41 -> 0 | J41: =J8/5.68*6.091 -> 22493.589 | L41: =L8/5.68*6.091 -> 1113.616 | M41: =(F41-H41)+(J41*E41)+(K41*E41)-(L41*E41) -> 6642.4451 | N41: 0.0659 | O41: =M41*N41 -> 437.73713 | P41: =O41*C41 -> 757.28524 | Q41: =M41-O41 -> 6204.708 | R41: 0.07 | S41: =Q41*R41 -> 434.32956 | T41: =S41*C41 -> 751.39014 | U41: =Q41-S41 -> 5770.3784 | V41: 0.0298 | W41: =U41*V41 -> 171.95728 | X41: =W41*C41 -> 297.48609 | Y41: =U41-W41 -> 5598.4212 | Z41: 0.03 | AA41: =Y41*Z41 -> 167.95263 | AB41: =AA41*C41 -> 290.55806 | AC41: =H41+O41+S41+W41+AA41 -> 1211.9766 | AD41: =I41+P41+T41+X41+AB41 -> 2096.7195 | AE41: =AD41*10^-6 -> 0.0020967195 | AG41: =(J41-L41)*C41 -> 36987.353
A42: Cereals | B42: Millet | C42: 0.93 | D42: 0 | E42: 0.93365991 | F42: =D42*E42 -> 0 | G42: 0.06 | H42: =F42*G42 -> 0 | I42: =H42*C42 -> 0 | J42: =J9/5.68*6.091 -> 267.18566 | L42: =L9/5.68*6.091 -> 15.506313 | M42: =(F42-H42)+(J42*E42)+(K42*E42)-(L42*E42) -> 234.98292 | N42: 0.0659 | O42: =M42*N42 -> 15.485375 | P42: =O42*C42 -> 14.401398 | Q42: =M42-O42 -> 219.49755 | R42: 0.07 | S42: =Q42*R42 -> 15.364828 | T42: =S42*C42 -> 14.28929 | U42: =Q42-S42 -> 204.13272 | V42: 0.0298 | W42: =U42*V42 -> 6.083155 | X42: =W42*C42 -> 5.6573342 | Y42: =U42-W42 -> 198.04956 | Z42: 0.03 | AA42: =Y42*Z42 -> 5.9414869 | AB42: =AA42*C42 -> 5.5255828 | AC42: =H42+O42+S42+W42+AA42 -> 42.874845 | AD42: =I42+P42+T42+X42+AB42 -> 39.873606 | AE42: =AD42*10^-6 -> 3.9873606e-05 | AG42: =(J42-L42)*C42 -> 234.0618
A43: Cereals | B43: Oats | C43: 0.93 | D43: 0 | E43: 0.83510638 | F43: =D43*E43 -> 0 | G43: 0.06 | H43: =F43*G43 -> 0 | I43: =H43*C43 -> 0 | J43: =J10/5.68*6.091 -> 3156.513 | L43: =L10/5.68*6.091 -> 284.05036 | M43: =(F43-H43)+(J43*E43)+(K43*E43)-(L43*E43) -> 2398.8119 | N43: 0.0659 | O43: =M43*N43 -> 158.0817 | P43: =O43*C43 -> 147.01598 | Q43: =M43-O43 -> 2240.7302 | R43: 0.07 | S43: =Q43*R43 -> 156.85111 | T43: =S43*C43 -> 145.87154 | U43: =Q43-S43 -> 2083.8791 | V43: 0.0298 | W43: =U43*V43 -> 62.099596 | X43: =W43*C43 -> 57.752625 | Y43: =U43-W43 -> 2021.7795 | Z43: 0.03 | AA43: =Y43*Z43 -> 60.653384 | AB43: =AA43*C43 -> 56.407647 | AC43: =H43+O43+S43+W43+AA43 -> 437.6858 | AD43: =I43+P43+T43+X43+AB43 -> 407.04779 | AE43: =AD43*10^-6 -> 0.00040704779 | AG43: =(J43-L43)*C43 -> 2671.3903
A44: Cereals | B44: Rice | C44: 1.91 | D44: 0 | E44: 0.6453202 | F44: =D44*E44 -> 0 | G44: 0.06 | H44: =F44*G44 -> 0 | I44: =H44*C44 -> 0 | J44: =J11/5.68*6.091 -> 425101.93 | L44: =L11/5.68*6.091 -> 107663.19 | M44: =(F44-H44)+(J44*E44)+(K44*E44)-(L44*E44) -> 204849.63 | N44: 0.0659 | O44: =M44*N44 -> 13499.591 | P44: =O44*C44 -> 25784.218 | Q44: =M44-O44 -> 191350.04 | R44: 0.07 | S44: =Q44*R44 -> 13394.503 | T44: =S44*C44 -> 25583.5 | U44: =Q44-S44 -> 177955.54 | V44: 0.0298 | W44: =U44*V44 -> 5303.075 | X44: =W44*C44 -> 10128.873 | Y44: =U44-W44 -> 172652.46 | Z44: 0.03 | AA44: =Y44*Z44 -> 5179.5739 | AB44: =AA44*C44 -> 9892.9861 | AC44: =H44+O44+S44+W44+AA44 -> 37376.742 | AD44: =I44+P44+T44+X44+AB44 -> 71389.578 | AE44: =AD44*10^-6 -> 0.071389578 | AG44: =(J44-L44)*C44 -> 606307.99
A45: Cereals | B45: Rye | C45: 0.7 | D45: 0 | E45: 0.83836158 | F45: =D45*E45 -> 0 | G45: 0.06 | H45: =F45*G45 -> 0 | I45: =H45*C45 -> 0 | J45: =J12/5.68*6.091 -> 1072.3592 | L45: =L12/5.68*6.091 -> 0.053617958 | M45: =(F45-H45)+(J45*E45)+(K45*E45)-(L45*E45) -> 898.97976 | N45: 0.0659 | O45: =M45*N45 -> 59.242766 | P45: =O45*C45 -> 41.469936 | Q45: =M45-O45 -> 839.73699 | R45: 0.07 | S45: =Q45*R45 -> 58.78159 | T45: =S45*C45 -> 41.147113 | U45: =Q45-S45 -> 780.9554 | V45: 0.0298 | W45: =U45*V45 -> 23.272471 | X45: =W45*C45 -> 16.29073 | Y45: =U45-W45 -> 757.68293 | Z45: 0.03 | AA45: =Y45*Z45 -> 22.730488 | AB45: =AA45*C45 -> 15.911342 | AC45: =H45+O45+S45+W45+AA45 -> 164.02731 | AD45: =I45+P45+T45+X45+AB45 -> 114.81912 | AE45: =AD45*10^-6 -> 0.00011481912 | AG45: =(J45-L45)*C45 -> 750.61388
A46: Cereals | B46: Sorghum | C46: 0.93 | D46: 0 | E46: 0.125 | F46: =D46*E46 -> 0 | G46: 0.06 | H46: =F46*G46 -> 0 | I46: =H46*C46 -> 0 | J46: =J13/5.68*6.091 -> 5.4551125 | L46: =L13/5.68*6.091 -> 3.3733738 | M46: =(F46-H46)+(J46*E46)+(K46*E46)-(L46*E46) -> 0.26021733 | N46: 0.0659 | O46: =M46*N46 -> 0.017148322 | P46: =O46*C46 -> 0.01594794 | Q46: =M46-O46 -> 0.24306901 | R46: 0.07 | S46: =Q46*R46 -> 0.017014831 | T46: =S46*C46 -> 0.015823793 | U46: =Q46-S46 -> 0.22605418 | V46: 0.0298 | W46: =U46*V46 -> 0.0067364145 | X46: =W46*C46 -> 0.0062648655 | Y46: =U46-W46 -> 0.21931776 | Z46: 0.03 | AA46: =Y46*Z46 -> 0.0065795329 | AB46: =AA46*C46 -> 0.0061189656 | AC46: =H46+O46+S46+W46+AA46 -> 0.0474791 | AD46: =I46+P46+T46+X46+AB46 -> 0.044155563 | AE46: =AD46*10^-6 -> 4.4155563e-08 | AG46: =(J46-L46)*C46 -> 1.936017
A47: Cereals | B47: Wheat | C47: 0.46 | D47: 0 | E47: 0.91825351 | F47: =D47*E47 -> 0 | G47: 0.06 | H47: =F47*G47 -> 0 | I47: =H47*C47 -> 0 | J47: =J14/5.68*6.091 -> 263279.1 | L47: =L14/5.68*6.091 -> 10.843417 | M47: =(F47-H47)+(J47*E47)+(K47*E47)-(L47*E47) -> 241747 | N47: 0.0659 | O47: =M47*N47 -> 15931.127 | P47: =O47*C47 -> 7328.3185 | Q47: =M47-O47 -> 225815.87 | R47: 0.07 | S47: =Q47*R47 -> 15807.111 | T47: =S47*C47 -> 7271.271 | U47: =Q47-S47 -> 210008.76 | V47: 0.0298 | W47: =U47*V47 -> 6258.261 | X47: =W47*C47 -> 2878.8001 | Y47: =U47-W47 -> 203750.5 | Z47: 0.03 | AA47: =Y47*Z47 -> 6112.5149 | AB47: =AA47*C47 -> 2811.7569 | AC47: =H47+O47+S47+W47+AA47 -> 44109.014 | AD47: =I47+P47+T47+X47+AB47 -> 20290.146 | AE47: =AD47*10^-6 -> 0.020290146 | AG47: =(J47-L47)*C47 -> 121103.4
A48: Cereals | B48: Other Cereals | C48: 0.93 | D48: 0 | E48: 0.89187383 | F48: =D48*E48 -> 0 | G48: 0.06 | H48: =F48*G48 -> 0 | I48: =H48*C48 -> 0 | J48: =J15/5.68*6.091 -> 4711.1094 | L48: =L15/5.68*6.091 -> 277.92378 | M48: =(F48-H48)+(J48*E48)+(K48*E48)-(L48*E48) -> 3953.8422 | N48: 0.0659 | O48: =M48*N48 -> 260.5582 | P48: =O48*C48 -> 242.31913 | Q48: =M48-O48 -> 3693.284 | R48: 0.07 | S48: =Q48*R48 -> 258.52988 | T48: =S48*C48 -> 240.43279 | U48: =Q48-S48 -> 3434.7542 | V48: 0.0298 | W48: =U48*V48 -> 102.35567 | X48: =W48*C48 -> 95.190777 | Y48: =U48-W48 -> 3332.3985 | Z48: 0.03 | AA48: =Y48*Z48 -> 99.971954 | AB48: =AA48*C48 -> 92.973918 | AC48: =H48+O48+S48+W48+AA48 -> 721.41571 | AD48: =I48+P48+T48+X48+AB48 -> 670.91661 | AE48: =AD48*10^-6 -> 0.00067091661 | AG48: =(J48-L48)*C48 -> 4122.8626
A49: Fruit & Vegetables | B49: Apples | C49: 0.34 | D49: 0 | E49: 1 | F49: =D49*E49 -> 0 | G49: 0.0871 | H49: =F49*G49 -> 0 | I49: =H49*C49 -> 0 | J49: =J16/5.68*6.091 -> 49575.639 | L49: =L16/5.68*6.091 -> 4246.3814 | M49: =(F49-H49)+(J49*E49)+(K49*E49)-(L49*E49) -> 45329.257 | N49: 0.0987 | O49: =M49*N49 -> 4473.9977 | P49: =O49*C49 -> 1521.1592 | Q49: =M49-O49 -> 40855.26 | R49: 0.25 | S49: =Q49*R49 -> 10213.815 | T49: =S49*C49 -> 3472.6971 | U49: =Q49-S49 -> 30641.445 | V49: 0.1296 | W49: =U49*V49 -> 3971.1312 | X49: =W49*C49 -> 1350.1846 | Y49: =U49-W49 -> 26670.314 | Z49: 0.1816 | AA49: =Y49*Z49 -> 4843.3289 | AB49: =AA49*C49 -> 1646.7318 | AC49: =H49+O49+S49+W49+AA49 -> 23502.273 | AD49: =I49+P49+T49+X49+AB49 -> 7990.7728 | AE49: =AD49*10^-6 -> 0.0079907728 | AG49: =(J49-L49)*C49 -> 15411.948
A50: Fruit & Vegetables | B50: Bananas | C50: 0.45 | D50: 0 | E50: 0.99620668 | F50: =D50*E50 -> 0 | G50: 0.0871 | H50: =F50*G50 -> 0 | I50: =H50*C50 -> 0 | J50: =J17/5.68*6.091 -> 63372.121 | L50: =L17/5.68*6.091 -> 31.017227 | M50: =(F50-H50)+(J50*E50)+(K50*E50)-(L50*E50) -> 63100.831 | N50: 0.0987 | O50: =M50*N50 -> 6228.052 | P50: =O50*C50 -> 2802.6234 | Q50: =M50-O50 -> 56872.779 | R50: 0.25 | S50: =Q50*R50 -> 14218.195 | T50: =S50*C50 -> 6398.1877 | U50: =Q50-S50 -> 42654.584 | V50: 0.1296 | W50: =U50*V50 -> 5528.0341 | X50: =W50*C50 -> 2487.6154 | Y50: =U50-W50 -> 37126.55 | Z50: 0.1816 | AA50: =Y50*Z50 -> 6742.1815 | AB50: =AA50*C50 -> 3033.9817 | AC50: =H50+O50+S50+W50+AA50 -> 32716.462 | AD50: =I50+P50+T50+X50+AB50 -> 14722.408 | AE50: =AD50*10^-6 -> 0.014722408 | AG50: =(J50-L50)*C50 -> 28503.497
A51: Fruit & Vegetables | B51: Citrus | C51: 0.23 | D51: 0 | E51: 1 | F51: =D51*E51 -> 0 | G51: 0.0871 | H51: =F51*G51 -> 0 | I51: =H51*C51 -> 0 | J51: =J18/5.68*6.091 -> 338365.44 | L51: =L18/5.68*6.091 -> 17804.265 | M51: =(F51-H51)+(J51*E51)+(K51*E51)-(L51*E51) -> 320561.17 | N51: 0.0987 | O51: =M51*N51 -> 31639.388 | P51: =O51*C51 -> 7277.0591 | Q51: =M51-O51 -> 288921.78 | R51: 0.25 | S51: =Q51*R51 -> 72230.446 | T51: =S51*C51 -> 16613.003 | U51: =Q51-S51 -> 216691.34 | V51: 0.1296 | W51: =U51*V51 -> 28083.197 | X51: =W51*C51 -> 6459.1354 | Y51: =U51-W51 -> 188608.14 | Z51: 0.1816 | AA51: =Y51*Z51 -> 34251.238 | AB51: =AA51*C51 -> 7877.7848 | AC51: =H51+O51+S51+W51+AA51 -> 166204.27 | AD51: =I51+P51+T51+X51+AB51 -> 38226.982 | AE51: =AD51*10^-6 -> 0.038226982 | AG51: =(J51-L51)*C51 -> 73729.069
... A59: Meat | B59: Poultry | C59: 4.68 | D59: 0 | E59: 0.9808929 | F59: =D59*E59 -> 0 | G59: 0.08 | H59: =F59*G59 -> 0 | I59: =H59*C59 -> 0 | J59: =J26/5.68*6.091 -> 209809.4 | L59: =L26/5.68*6.091 -> 32008.777 | M59: =(F59-H59)+(J59*E59)+(K59*E59)-(L59*E59) -> 174403.37 | N59: 0.0097 | O59: =M59*N59 -> 1691.7126 | P59: =O59*C59 -> 7917.2152 | Q59: =M59-O59 -> 172711.65 | R59: 0.05 | S59: =Q59*R59 -> 8635.5826 | T59: =S59*C59 -> 40414.527 | U59: =Q59-S59 -> 164076.07 | V59: 0.07 | W59: =U59*V59 -> 11485.325 | X59: =W59*C59 -> 53751.321 | Y59: =U59-W59 -> 152590.75 | Z59: 0.04 | AA59: =Y59*Z59 -> 6103.6298 | AB59: =AA59*C59 -> 28564.988 | AC59: =H59+O59+S59+W59+AA59 -> 27916.25 | AD59: =I59+P59+T59+X59+AB59 -> 130648.05 | AE59: =AD59*10^-6 -> 0.13064805 | AG59: =(J59-L59)*C59 -> 832106.9
A60: Milk & Eggs | B60: Eggs | C60: 3.06 | D60: =616*60*10^-6 -> 0.03696 | E60: 0.90840606 | F60: =D60*E60 -> 0.033574688 | G60: 0.08 | H60: =F60*G60 -> 0.002685975 | I60: =H60*C60 -> 0.0082190836 | J60: =J27/5.68*6.091 -> 103248.76 | L60: =L27/5.68*6.091 -> 2282.8164 | M60: =(F60-H60)+(J60*E60)+(K60*E60)-(L60*E60) -> 91718.102 | N60: 0.0723 | O60: =M60*N60 -> 6631.2188 | P60: =O60*C60 -> 20291.529 | Q60: =M60-O60 -> 85086.883 | R60: 0.001 | S60: =Q60*R60 -> 85.086883 | T60: =S60*C60 -> 260.36586 | U60: =Q60-S60 -> 85001.796 | V60: 0.03 | W60: =U60*V60 -> 2550.0539 | X60: =W60*C60 -> 7803.1649 | Y60: =U60-W60 -> 82451.742 | Z60: 0.02 | AA60: =Y60*Z60 -> 1649.0348 | AB60: =AA60*C60 -> 5046.0466 | AC60: =H60+O60+S60+W60+AA60 -> 10915.397 | AD60: =I60+P60+T60+X60+AB60 -> 33401.115 | AE60: =AD60*10^-6 -> 0.033401115 | AG60: =(J60-L60)*C60 -> 308955.78
A61: Milk & Eggs | B61: Milk | C61: 2.31 | D61: 0 | E61: 0.83337698 | F61: =D61*E61 -> 0 | G61: 0.035 | H61: =F61*G61 -> 0 | I61: =H61*C61 -> 0 | J61: =J28/5.68*6.091 -> 254694.83 | L61: =L28/5.68*6.091 -> 12909.211 | M61: =(F61-H61)+(J61*E61)+(K61*E61)-(L61*E61) -> 201498.56 | N61: 0.0468 | O61: =M61*N61 -> 9430.1328 | P61: =O61*C61 -> 21783.607 | Q61: =M61-O61 -> 192068.43 | R61: 0.02 | S61: =Q61*R61 -> 3841.3686 | T61: =S61*C61 -> 8873.5615 | U61: =Q61-S61 -> 188227.06 | V61: 0.1 | W61: =U61*V61 -> 18822.706 | X61: =W61*C61 -> 43480.452 | Y61: =U61-W61 -> 169404.36 | Z61: 0.01 | AA61: =Y61*Z61 -> 1694.0436 | AB61: =AA61*C61 -> 3913.2406 | AC61: =H61+O61+S61+W61+AA61 -> 33788.251 | AD61: =I61+P61+T61+X61+AB61 -> 78050.86 | AE61: =AD61*10^-6 -> 0.07805086 | AG61: =(J61-L61)*C61 -> 558524.77
A62: Oil crops & Pulses | B62: Oil crops | C62: 1.96 | D62: 0 | E62: 0.95656293 | F62: =D62*E62 -> 0 | G62: 0.07 | H62: =F62*G62 -> 0 | I62: =H62*C62 -> 0 | J62: =J29/5.68*6.091 -> 47643.784 | L62: =L29/5.68*6.091 -> 2835.2162 | M62: =(F62-H62)+(J62*E62)+(K62*E62)-(L62*E62) -> 42862.215 | N62: 0.034 | O62: =M62*N62 -> 1457.3153 | P62: =O62*C62 -> 2856.338 | Q62: =M62-O62 -> 41404.9 | R62: 0.08 | S62: =Q62*R62 -> 3312.392 | T62: =S62*C62 -> 6492.2882 | U62: =Q62-S62 -> 38092.508 | V62: 0.02 | W62: =U62*V62 -> 761.85015 | X62: =W62*C62 -> 1493.2263 | Y62: =U62-W62 -> 37330.657 | Z62: 0.01 | AA62: =Y62*Z62 -> 373.30657 | AB62: =AA62*C62 -> 731.68088 | AC62: =H62+O62+S62+W62+AA62 -> 5904.864 | AD62: =I62+P62+T62+X62+AB62 -> 11573.533 | AE62: =AD62*10^-6 -> 0.011573533 | AG62: =(J62-L62)*C62 -> 87824.792
A63: Oil crops & Pulses | B63: Pulses | C63: 0.34 | D63: 0 | E63: 0.78076999 | F63: =D63*E63 -> 0 | G63: 0.07 | H63: =F63*G63 -> 0 | I63: =H63*C63 -> 0 | J63: =J30/5.68*6.091 -> 23218.524 | L63: =L30/5.68*6.091 -> 1670.7109 | M63: =(F63-H63)+(J63*E63)+(K63*E63)-(L63*E63) -> 16823.886 | N63: 0.034 | O63: =M63*N63 -> 572.01211 | P63: =O63*C63 -> 194.48412 | Q63: =M63-O63 -> 16251.874 | R63: 0.08 | S63: =Q63*R63 -> 1300.1499 | T63: =S63*C63 -> 442.05096 | U63: =Q63-S63 -> 14951.724 | V63: 0.02 | W63: =U63*V63 -> 299.03447 | X63: =W63*C63 -> 101.67172 | Y63: =U63-W63 -> 14652.689 | Z63: 0.01 | AA63: =Y63*Z63 -> 146.52689 | AB63: =AA63*C63 -> 49.819143 | AC63: =H63+O63+S63+W63+AA63 -> 2317.7234 | AD63: =I63+P63+T63+X63+AB63 -> 788.02594 | AE63: =AD63*10^-6 -> 0.00078802594 | AG63: =(J63-L63)*C63 -> 7326.2564
A64: Roots & Tubers | B64: Starchy Roots | C64: 0.16 | D64: 0 | E64: 0.73231269 | F64: =D64*E64 -> 0 | G64: 0.0815 | H64: =F64*G64 -> 0 | I64: =H64*C64 -> 0 | J64: =J31/5.68*6.091 -> 79091.008 | L64: =L31/5.68*6.091 -> 1790.0063 | M64: =(F64-H64)+(J64*E64)+(K64*E64)-(L64*E64) -> 56608.504 | N64: 0.1211 | O64: =M64*N64 -> 6855.2899 | P64: =O64*C64 -> 1096.8464 | Q64: =M64-O64 -> 49753.215 | R64: 0.1 | S64: =Q64*R64 -> 4975.3215 | T64: =S64*C64 -> 796.05143 | U64: =Q64-S64 -> 44777.893 | V64: 0.1078 | W64: =U64*V64 -> 4827.0569 | X64: =W64*C64 -> 772.3291 | Y64: =U64-W64 -> 39950.836 | Z64: 0.0388 | AA64: =Y64*Z64 -> 1550.0924 | AB64: =AA64*C64 -> 248.01479 | AC64: =H64+O64+S64+W64+AA64 -> 18207.761 | AD64: =I64+P64+T64+X64+AB64 -> 2913.2417 | AE64: =AD64*10^-6 -> 0.0029132417 | AG64: =(J64-L64)*C64 -> 12368.16
C65: =AVERAGE(C40:C64) -> 3.6828 | J65: =SUM(J40:J64) -> 3430350.6 | L65: =SUM(L40:L64) -> 497684.48 | AC65: =SUM(AC40:AC64) -> 906551.32 | AD65: =SUM(AD40:AD64) -> 2620829.2 | AE65: =AD65*10^-6 -> 2.6208292 | AG65: =SUM(AG40:AG64)*10^-6 -> 14.548081 | AH65: Total (Mt)
AG66: =SUM(AG55:AG61)*10^-6 -> 12.950908 | AH66: Meat (Mt)

Sheet FLW CF
A1: Food Loss & Waste
A3: Emission Factors & Allocation Factors | H3: Loss Factors
A4: Region | B4: Commodity group | C4: Commodity | D4: EF | E4: AF | H4: Scenario | I4: Region | J4: Commodity group | K4: Commodity | L4: FSC1 LF | M4: FSC2 LF | N4: FSC3 LF | O4: FSC4 LF | P4: FSC5 LF
A5: SSEA | B5: Cereals | C5: Barley | D5: 0.75 | E5: 0.36795184 | H5: Baseline | I5: SSEA | J5: Cereals | K5: N/A | L5: 6 | M5: 6.59 | N5: 7 | O5: 2.98 | P5: 3
A6: SSEA | B6: Cereals | C6: Maize | D6: 1.73 | E6: 0.31068539 | H6: Baseline | I6: SSEA | J6: Fruits & Vegetables | K6: N/A | L6: 8.71 | M6: 9.87 | N6: 25 | O6: 12.96 | P6: 18.16
A7: SSEA | B7: Cereals | C7: Millet | D7: 0.93 | E7: 0.93365991 | H7: Baseline | I7: SSEA | J7: Marine | K7: Fish & Seafood | L7: 8.2 | M7: 25.47 | N7: 9 | O7: 12.33 | P7: 2
A8: SSEA | B8: Cereals | C8: Oats | D8: 0.93 | E8: 0.83510638 | H8: Baseline | I8: SSEA | J8: Meat | K8: Bovine | L8: 10 | M8: 0.21 | N8: 5 | O8: 7 | P8: 4
A9: SSEA | B9: Cereals | C9: Rice | D9: 1.91 | E9: 0.6453202 | H9: Baseline | I9: SSEA | J9: Meat | K9: Mutton & Goat | L9: 10 | M9: 0.2 | N9: 5 | O9: 7 | P9: 4
A10: SSEA | B10: Cereals | C10: Rye | D10: 0.7 | E10: 0.83836158 | H10: Baseline | I10: SSEA | J10: Meat | K10: Pigmeat | L10: 6 | M10: 0.47 | N10: 5 | O10: 7 | P10: 4
A11: SSEA | B11: Cereals | C11: Sorghum | D11: 0.93 | E11: 0.125 | H11: Baseline | I11: SSEA | J11: Meat | K11: Poultry | L11: 8 | M11: 0.97 | N11: 5 | O11: 7 | P11: 4
A12: SSEA | B12: Cereals | C12: Wheat | D12: 0.46 | E12: 0.91825351 | H12: Baseline | I12: SSEA | J12: Milk & Eggs | K12: Eggs | L12: 8 | M12: 7.23 | N12: 0.1 | O12: 3 | P12: 2
A13: SSEA | B13: Cereals | C13: Other Cereals | D13: 0.93 | E13: 0.89187383 | H13: Baseline | I13: SSEA | J13: Milk & Eggs | K13: Milk | L13: 3.5 | M13: 4.68 | N13: 2 | O13: 10 | P13: 1
A14: SSEA | B14: Fruit & Vegetables | C14: Apples | D14: 0.34 | E14: 1 | H14: Baseline | I14: SSEA | J14: Oil crops & Pulses | K14: N/A | L14: 7 | M14: 3.4 | N14: 8 | O14: 2 | P14: 1
A15: SSEA | B15: Fruit & Vegetables | C15: Bananas | D15: 0.45 | E15: 0.99620668 | H15: Baseline | I15: SSEA | J15: Roots & Tubers | K15: Starchy Roots | L15: 8.15 | M15: 12.11 | N15: 10 | O15: 10.78 | P15: 3.88
A16: SSEA | B16: Fruit & Vegetables | C16: Citrus | D16: 0.23 | E16: 1
A17: SSEA | B17: Fruit & Vegetables | C17: Grapes | D17: 0.62 | E17: 1
A18: SSEA | B18: Fruit & Vegetables | C18: Other Fruit | D18: 0.84 | E18: 1
A19: SSEA | B19: Fruit & Vegetables | C19: Vegetables | D19: 0.81 | E19: 0.99988602
A20: SSEA | B20: Marine | C20: Fish & Seafood | D20: 5.29 | E20: 0.91631203
A21: SSEA | B21: Meat | C21: Bovine | D21: 39.08 | E21: 1
A22: SSEA | B22: Meat | C22: Mutton & Goat | D22: 15.71 | E22: 1
A23: SSEA | B23: Meat | C23: Pig | D23: 6.92 | E23: 1
A24: SSEA | B24: Meat | C24: Poultry | D24: 4.68 | E24: 0.9808929
A25: SSEA | B25: Milk & Eggs | C25: Eggs | D25: 3.06 | E25: 0.90840606
A26: SSEA | B26: Milk & Eggs | C26: Milk | D26: 2.31 | E26: 0.83337698
A27: SSEA | B27: Oil crops & Pulses | C27: Oil crops | D27: 1.96 | E27: 0.95656293
... A29: SSEA | B29: Roots & Tubers | C29: Starchy Roots | D29: 0.16 | E29: 0.73231269
A34: Food Supply Chain
A35: Scenario | B35: Year | C35: Region | D35: Commodity group | E35: Commodity | F35: FSC1 | G35: Import quantity | H35: Stock variation | I35: Export quantity | J35: Domestic Supply Quantity | K35: Feed | L35: Seed | M35: Other Uses (Non-food) | N35: AF | O35: FSC1 ID | P35: FSC2 ID | Q35: FSC3 ID | R35: FSC4 ID | S35: FSC5 ID
A36: 2018 | B36: 2018 | C36: SSEA | D36: Cereals | E36: Barley | F36: 4853 | G36: 4477 | H36: 416 | I36: 276 | J36: 8637 | K36: 5257 | L36: 202 | M36: 0 | N36: 0.36795184 | O36: 1785.6703 | P36: 3071.2277 | Q36: 2868.8338 | R36: 2668.0155 | S36: 2588.5086
A37: 2018 | B37: 2018 | C37: SSEA | D37: Cereals | E37: Maize | F37: 93280 | G37: 29441 | H37: 3840 | I37: 2948 | J37: 115934 | K37: 55631 | L37: 1327 | M37: 22957 | N37: 0.31068539 | O37: 28980.733 | P37: 34279.845 | Q37: 32020.804 | R37: 29779.347 | S37: 28891.923
A38: 2018 | B38: 2018 | C38: SSEA | D38: Cereals | E38: Millet | F38: 12525 | G38: 108 | H38: 507 | I38: 82 | J38: 12044 | K38: 519 | L38: 280 | M38: 0 | N38: 0.93365991 | O38: 11694.09 | P38: 10543.355 | Q38: 9848.5475 | R38: 9159.1492 | S38: 8886.2065
A39: 2018 | B39: 2018 | C39: SSEA | D39: Cereals | E39: Oats | F39: 0 | G39: 228 | H39: 5 | I39: 35 | J39: 188 | K39: 31 | L39: 0 | M39: 0 | N39: 0.83510638 | O39: 0 | P39: 157 | Q39: 146.6537 | R39: 136.38794 | S39: 132.32358
A40: 2018 | B40: 2018 | C40: SSEA | D40: Cereals | E40: Other cereals | F40: 505 | G40: 90 | H40: 22 | I40: 370 | J40: 203 | K40: 63 | L40: 8 | M40: 1 | N40: 0.6453202 | O40: 325.8867 | P40: 111.4468 | Q40: 104.10245 | R40: 96.815282 | S40: 93.930187
A41: 2018 | B41: 2018 | C41: SSEA | D41: Cereals | E41: Rice | F41: 470722 | G41: 13524 | H41: 30503 | I41: 51282 | J41: 402460 | K41: 23673 | L41: 9394 | M41: 31986 | N41: 0.83836158 | O41: 394635.24 | P41: 313729.72 | Q41: 293054.94 | R41: 272541.09 | S41: 264419.37
A42: 2018 | B42: 2018 | C42: SSEA | D42: Cereals | E42: Rye | F42: 0 | G42: 7 | H42: 0 | I42: 0 | J42: 8 | K42: 1 | L42: 0 | M42: 6 | N42: 0.125 | O42: 0 | P42: 0.875 | Q42: 0.8173375 | R42: 0.76012388 | S42: 0.73747218
A43: 2018 | B43: 2018 | C43: SSEA | D43: Cereals | E43: Sorghum | F43: 5205 | G43: 65 | H43: -44 | I43: 115 | J43: 5199 | K43: 257 | L43: 168 | M43: 0 | N43: 0.91825351 | O43: 4779.5095 | P43: 4487.2294 | Q43: 4191.521 | R43: 3898.1145 | S43: 3781.9507
A44: 2018 | B44: 2018 | C44: SSEA | D44: Cereals | E44: Wheat | F44: 146118 | G44: 37545 | H44: 1899 | I44: 5175 | J44: 176590 | K44: 10152 | L44: 5587 | M44: 3355 | N44: 0.89187383 | O44: 130318.82 | P44: 149675.98 | Q44: 139812.33 | R44: 130025.47 | S44: 126150.71
A45: 2018 | B45: 2018 | C45: SSEA | D45: Fruits & Vegetables | E45: Apples | F45: 5638 | G45: 1512 | H45: 836 | I45: 223 | J45: 6091 | K45: 0 | L45: 0 | M45: 0 | N45: 1 | O45: 5638 | P45: 5599.9302 | Q45: 5047.2171 | R45: 3785.4128 | S45: 3294.8233
A46: 2018 | B46: 2018 | C46: SSEA | D46: Fruits & Vegetables | E46: Bananas | F46: 50258 | G46: 458 | H46: 0 | I46: 4055 | J46: 46661 | K46: 177 | L46: 0 | M46: 0 | N46: 0.99620668 | O46: 50067.355 | P46: 42123.133 | Q46: 37965.58 | R46: 28474.185 | S46: 24783.931
A47: 2018 | B47: 2018 | C47: SSEA | D47: Fruits & Vegetables | E47: Citrus | F47: 24679 | G47: 1799 | H47: 364 | I47: 832 | J47: 25080 | K47: 0 | L47: 0 | M47: 0 | N47: 1 | O47: 24679 | P47: 23132.459 | Q47: 20849.285 | R47: 15636.964 | S47: 13610.414
... A60: 2018 | B60: 2018 | C60: SSEA | D60: Roots & Tubers | E60: Starchy Roots | F60: 155597 | G60: 11290 | H60: -1345 | I60: 29755 | J60: 138475 | K60: 20118 | L60: 4601 | M60: 12349 | N60: 0.73231269 | O60: 113945.66 | P60: 92121.894 | Q60: 80965.932 | R60: 72869.339 | S60: 65014.024
A64: Food loss and waste
A65: Scenario | B65: Year | C65: Region | D65: Commodity group | E65: Commodity | F65: FSC1 FLW | G65: FSC2 FLW | H65: FSC3 FLW | I65: FSC4 FLW | J65: FSC5 FLW | K65: Total (1000 tonnes) | L65: FSC1 FLW (Mt) | M65: FSC2 FLW (Mt) | N65: FSC3 FLW (Mt) | O65: FSC4 FLW (Mt) | P65: FSC5 FLW (Mt) | Q65: Total (Mt)
A66: 2050 Baseline 2 | B66: 2050 | C66: SSEA | D66: Cereals | E66: Barley | F66: 159.02142 | G66: 300.40044 | H66: 298.06196 | I66: 118.00699 | J66: 115.25877 | K66: 990.74958 | L66: 0.15902142 | M66: 0.30040044 | N66: 0.29806196 | O66: 0.11800699 | P66: 0.11525877 | Q66: 0.99074958
A67: 2050 Baseline 2 | B67: 2050 | C67: SSEA | D67: Cereals | E67: Maize | F67: 2379.8749 | G67: 3091.8455 | H67: 3067.777 | I67: 1214.5767 | J67: 1186.2909 | K67: 10940.365 | L67: 2.3798749 | M67: 3.0918455 | N67: 3.067777 | O67: 1.2145767 | P67: 1.1862909 | Q67: 10.940365
A68: 2050 Baseline 2 | B68: 2050 | C68: SSEA | D68: Cereals | E68: Millet | F68: 1027.0072 | G68: 1016.9978 | H68: 1009.081 | I68: 399.50958 | J68: 390.20557 | K68: 3842.8012 | L68: 1.0270072 | M68: 1.0169978 | N68: 1.009081 | O68: 0.39950958 | P68: 0.39020557 | Q68: 3.8428012
A69: 2050 Baseline 2 | B69: 2050 | C69: SSEA | D69: Cereals | E69: Oats | F69: 0 | G69: 0 | H69: 0 | I69: 0 | J69: 0 | K69: 0 | L69: 0 | M69: 0 | N69: 0 | O69: 0 | P69: 0 | Q69: 0
A70: 2050 Baseline 2 | B70: 2050 | C70: SSEA | D70: Cereals | E70: Other cereals | F70: 15.371527 | G70: 5.7736724 | H70: 5.7287271 | I70: 2.2680849 | J70: 2.2152644 | K70: 31.357276 | L70: 0.015371527 | M70: 0.0057736724 | N70: 0.0057287271 | O70: 0.0022680849 | P70: 0.0022152644 | Q70: 0.031357276
A71: 2050 Baseline 2 | B71: 2050 | C71: SSEA | D71: Cereals | E71: Rice | F71: 31200.079 | G71: 27242.669 | H71: 27030.598 | I71: 10701.8 | J71: 10452.57 | K71: 106627.72 | L71: 31.200079 | M71: 27.242669 | N71: 27.030598 | O71: 10.7018 | P71: 10.45257 | Q71: 106.62772
A72: 2050 Baseline 2 | B72: 2050 | C72: SSEA | D72: Cereals | E72: Rye | F72: 0 | G72: 0 | H72: 0 | I72: 0 | J72: 0 | K72: 0 | L72: 0 | M72: 0 | N72: 0 | O72: 0 | P72: 0 | Q72: 0
A73: 2050 Baseline 2 | B73: 2050 | C73: SSEA | D73: Cereals | E73: Sorghum | F73: 464.94848 | G73: 479.43964 | H73: 475.70744 | I73: 188.33937 | J73: 183.95321 | K73: 1792.3881 | L73: 0.46494848 | M73: 0.47943964 | N73: 0.47570744 | O73: 0.18833937 | P73: 0.18395321 | Q73: 1.7923881
A74: 2050 Baseline 2 | B74: 2050 | C74: SSEA | D74: Cereals | E74: Wheat | F74: 10925.365 | G74: 13782.09 | H74: 13674.803 | I74: 5414.05 | J74: 5287.9644 | K74: 49084.274 | L74: 10.925365 | M74: 13.78209 | N74: 13.674803 | O74: 5.41405 | P74: 5.2879644 | Q74: 49.084274
A75: 2050 Baseline 2 | B75: 2050 | C75: SSEA | D75: Fruits & Vegetables | E75: Apples | F75: 0 | G75: 0 | H75: 0 | I75: 0 | J75: 0 | K75: 0 | L75: 0 | M75: 0 | N75: 0 | O75: 0 | P75: 0 | Q75: 0
A76: 2050 Baseline 2 | B76: 2050 | C76: SSEA | D76: Fruits & Vegetables | E76: Bananas | F76: 6494.1841 | G76: 6191.4106 | H76: 14134.545 | I76: 5495.5111 | J76: 6702.5154 | K76: 39018.166 | L76: 6.4941841 | M76: 6.1914106 | N76: 14.134545 | O76: 5.4955111 | P76: 6.7025154 | Q76: 39.018166
A77: 2050 Baseline 2 | B77: 2050 | C77: SSEA | D77: Fruits & Vegetables | E77: Citrus | F77: 2702.4517 | G77: 2870.4579 | H77: 6553.0489 | I77: 2547.8254 | J77: 3107.416 | K77: 17781.2 | L77: 2.7024517 | M77: 2.8704579 | N77: 6.5530489 | O77: 2.5478254 | P77: 3.107416 | Q77: 17.7812
... A90: 2050 Baseline 2 | B90: 2050 | C90: SSEA | D90: Roots & Tubers | E90: Starchy Roots | F90: 6140.9531 | G90: 7377.1292 | H90: 5354.0535 | I90: 5194.5028 | J90: 1668.0888 | K90: 25734.727 | L90: 6.1409531 | M90: 7.3771292 | N90: 5.3540535 | O90: 5.1945028 | P90: 1.6680888 | Q90: 25.734727
A93: Emissions
A94: South and Southeast Asia | C94: 2018 | I94: 2050
A95: Commodity group | B95: Commodity | C95: FSC1 Emissions (Mt) | D95: FSC2 Emissions (Mt) | E95: FSC3 Emissions (Mt) | F95: FSC4 Emissions (Mt) | G95: FSC5 Emissions (Mt) | H95: Total Emissions (Mt) | I95: FSC1 Emissions (Mt) | J95: FSC2 Emissions (Mt) | K95: FSC3 Emissions (Mt) | L95: FSC4 Emissions (Mt) | M95: FSC5 Emissions (Mt) | N95: Total Emissions (Mt)
A96: Cereals | B96: Barley | C96: 0.080355162 | D96: 0.15179543 | E96: 0.15061378 | F96: 0.059630146 | G96: 0.058241443 | H96: 0.50063596 | I96: 0.15902142 | J96: 0.30040044 | K96: 0.29806196 | L96: 0.11800699 | M96: 0.11525877 | N96: 0.99074958
A97: Cereals | B97: Maize | C97: 3.0082001 | D97: 3.9081423 | E97: 3.8777193 | F97: 1.5352445 | G97: 1.4994908 | H97: 13.828797 | I97: 2.3798749 | J97: 3.0918455 | K97: 3.067777 | L97: 1.2145767 | M97: 1.1862909 | N97: 10.940365
A98: Cereals | B98: Millet | C98: 0.65253025 | D98: 0.64617057 | E98: 0.64114044 | F98: 0.25383666 | G98: 0.24792516 | H98: 2.4416031 | I98: 1.0270072 | J98: 1.0169978 | K98: 1.009081 | L98: 0.39950958 | M98: 0.39020557 | N98: 3.8428012
A99: Cereals | B99: Oats | C99: 0 | D99: 0.009622059 | E99: 0.0095471559 | F99: 0.0037798554 | G99: 0.0036918279 | H99: 0.026640898 | I99: 0 | J99: 0 | K99: 0 | L99: 0 | M99: 0 | N99: 0
A100: Cereals | B100: Other cereals | C100: 0.018184478 | D100: 0.0068302399 | E100: 0.0067770698 | F100: 0.0026831387 | G100: 0.0026206522 | H100: 0.037095578 | I100: 0.015371527 | J100: 0.0057736724 | K100: 0.0057287271 | L100: 0.0022680849 | M100: 0.0022152644 | N100: 0.031357276
A101: Cereals | B101: Rice | C101: 45.225198 | D101: 39.488847 | E101: 39.181445 | F101: 15.512494 | G101: 15.15123 | H101: 154.55921 | I101: 31.200079 | J101: 27.242669 | K101: 27.030598 | L101: 10.7018 | M101: 10.45257 | N101: 106.62772
A102: Cereals | B102: Rye | C102: 0 | D102: 4.036375e-05 | E102: 4.0049538e-05 | F102: 1.5856184e-05 | G102: 1.5486916e-05 | H102: 0.00011175639 | I102: 0 | J102: 0 | K102: 0 | L102: 0 | M102: 0 | N102: 0
A103: Cereals | B103: Sorghum | C103: 0.26669663 | D103: 0.27500883 | E103: 0.27286802 | F103: 0.10803235 | G103: 0.10551643 | H103: 1.0281223 | I103: 0.46494848 | J103: 0.47943964 | K103: 0.47570744 | L103: 0.18833937 | M103: 0.18395321 | N103: 1.7923881
A104: Cereals | B104: Wheat | C104: 3.5967994 | D104: 4.5372776 | E104: 4.5019571 | F104: 1.7823891 | G104: 1.7408798 | H104: 16.159303 | I104: 10.925365 | J104: 13.78209 | K104: 13.674803 | L104: 5.41405 | M104: 5.2879644 | N104: 49.084274
B105: Average | C105: =AVERAGE(C96:C104) -> 5.871996 | D105: =AVERAGE(D96:D104) -> 5.4470816 | E105: =AVERAGE(E96:E104) -> 5.4046786 | F105: =AVERAGE(F96:F104) -> 2.1397895 | G105: =AVERAGE(G96:G104) -> 2.0899568 | H105: =AVERAGE(H96:H104) -> 20.953503 | I105: =AVERAGE(I96:I104) -> 5.1301853 | J105: =AVERAGE(J96:J104) -> 5.1021352 | ... N105: =AVERAGE(N96:N104) -> 19.256628
A106: Fruits & Vegetables | B106: Apples | C106: 0.16696373 | D106: 0.18792246 | E106: 0.42901345 | F106: 0.16680043 | G106: 0.20343557 | H106: 1.1541356 | I106: 0 | J106: 0 | K106: 0 | L106: 0 | M106: 0 | N106: 0
A107: Fruits & Vegetables | B107: Bananas | C107: 1.96239 | D107: 1.870899 | E107: 4.2711278 | F107: 1.6606145 | G107: 2.0253428 | H107: 11.790374 | I107: 6.4941841 | J107: 6.1914106 | K107: 14.134545 | L107: 5.4955111 | M107: 6.7025154 | N107: 39.018166
A108: Fruits & Vegetables | B108: Citrus | C108: 0.49439441 | D108: 0.52512995 | E108: 1.1988339 | F108: 0.46610662 | G108: 0.56847975 | H108: 3.2529446 | I108: 2.7024517 | J108: 2.8704579 | K108: 6.5530489 | L108: 2.5478254 | M108: 3.107416 | N108: 17.7812
A109: Fruits & Vegetables | B109: Grapes | C109: 0.33000622 | D109: 0.32779985 | E109: 0.74834348 | F109: 0.29095595 | G109: 0.35485993 | H109: 2.0519654 | I109: 0 | J109: 0 | K109: 0 | L109: 0 | M109: 0 | N109: 0
A110: Fruits & Vegetables | B110: Other fruits | C110: 5.9984237 | D110: 5.9115907 | E110: 13.495736 | F110: 5.2471423 | G110: 6.3995961 | H110: 37.052489 | I110: 14.16037 | J110: 13.955385 | K110: 31.859139 | L110: 12.386833 | M110: 15.10741 | N110: 87.469137
A111: Fruits & Vegetables | B111: Vegetables | C111: 15.50633 | D111: 16.003421 | E111: 36.53466 | F111: 14.204676 | G111: 17.324513 | H111: 99.5736 | I111: 27.715893 | J111: 28.60439 | K111: 65.301765 | L111: 25.389326 | M111: 30.9657 | N111: 177.97708
B112: Average | C112: =AVERAGE(C106:C111) -> 4.076418 | D112: =AVERAGE(D106:D111) -> 4.1377939 | E112: =AVERAGE(E106:E111) -> 9.4462858 | F112: =AVERAGE(F106:F111) -> 3.6727159 | G112: =AVERAGE(G106:G111) -> 4.4793713 | H112: =AVERAGE(H106:H111) -> 25.812585 | I112: =AVERAGE(I106:I111) -> 8.5121497 | J112: =AVERAGE(J106:J111) -> 8.6036072 | ... N112: =AVERAGE(N106:N111) -> 53.707596
A113: Marine | B113: Fish & Seafood | C113: 19.563326 | D113: 49.860137 | E113: 13.131011 | F113: 16.370431 | G113: 2.3279735 | H113: 101.25288 | I113: 4.7540998 | J113: 12.116314 | K113: 3.1909147 | L113: 3.9781134 | M113: 0.56571159 | N113: 24.605153
A114: Meat | B114: Bovine meat | C114: 30.146312 | D114: 0.53702016 | E114: 12.759343 | F114: 16.969927 | G114: 9.0183039 | H114: 69.430906 | I114: 1.2082 | J114: 0.021522625 | K114: 0.51136732 | L114: 0.68011853 | M114: 0.36143442 | N114: 2.7826429
A115: Meat | B115: Mutton & Goat | C115: 3.823814 | D115: 0.067823212 | E115: 1.6921891 | F115: 2.2506116 | G115: 1.1960393 | H115: 9.0304772 | I115: 0.3891 | J115: 0.0069014894 | K115: 0.17219216 | L115: 0.22901557 | M115: 0.12170542 | N115: 0.91891464
A116: Meat | B116: Pigmeat | C116: 3.6525144 | D116: 0.25486392 | E116: 2.6985751 | F116: 3.5891049 | G116: 1.9073529 | H116: 12.102411 | I116: 0.77586 | J116: 0.054137697 | K116: 0.57322607 | L116: 0.76239067 | M116: 0.40515618 | N116: 2.5707706
A117: Meat | B117: Poultry | C117: 6.627694 | D117: 0.65591717 | E117: 3.3482205 | F117: 4.4531333 | G117: 2.3665222 | H117: 17.451487 | I117: 1.6707353 | J117: 0.16534619 | K117: 0.84403264 | L117: 1.1225634 | M117: 0.59656227 | N117: 4.3992398
B118: Average | C118: =AVERAGE(C114:C117) -> 11.062584 | D118: =AVERAGE(D114:D117) -> 0.37890612 | E118: =AVERAGE(E114:E117) -> 5.124582 | F118: =AVERAGE(F114:F117) -> 6.8156941 | G118: =AVERAGE(G114:G117) -> 3.6220546 | H118: =AVERAGE(H114:H117) -> 27.00382 | I118: =AVERAGE(I114:I117) -> 1.0109738 | J118: =AVERAGE(J114:J117) -> 0.061977 | ... N118: =AVERAGE(N114:N117) -> 2.667892
A119: Milk & Eggs | B119: Eggs | C119: 3.0174444 | D119: 2.4762964 | E119: 0.031773999 | F119: 0.95226676 | G119: 0.61579917 | H119: 7.0935807 | I119: 1.0549865 | J119: 0.86578534 | K119: 0.011109116 | L119: 0.3329402 | M119: 0.21530133 | N119: 2.4801224
A120: Milk & Eggs | B120: Milk | C120: 17.250925 | D120: 22.243661 | E120: 9.0609647 | F120: 44.398727 | G120: 3.9958854 | H120: 96.950163 | I120: 7.7114872 | J120: 9.9433339 | K120: 4.0504213 | L120: 19.847064 | M120: 1.7862358 | N120: 43.338543
A121: Oil crops & Pulses | B121: Oil crops | C121: 53.731934 | D121: 24.480184 | E121: 55.642019 | F121: 12.797664 | G121: 6.2708555 | H121: 152.92266 | I121: 15.661872 | J121: 7.1355241 | K121: 16.218627 | L121: 3.7302841 | M121: 1.8278392 | N121: 44.574146
A122: Oil crops & Pulses | B122: Pulses | C122: 0.63309984 | D122: 0.29753314 | E122: 0.67627532 | F122: 0.15554332 | G122: 0.076216229 | H122: 1.8386679 | I122: 2.5600433 | J122: 1.2031242 | K122: 2.7346305 | L122: 0.62896501 | M122: 0.30819285 | N122: 7.4349558
A123: Roots & Tubers | B123: Starchy Roots | C123: 1.4858514 | D123: 1.7849538 | E123: 1.2954549 | F123: 1.2568504 | G123: 0.40360706 | H123: 6.2267175 | I123: 6.1409531 | J123: 7.3771292 | K123: 5.3540535 | L123: 5.1945028 | M123: 1.6680888 | N123: 25.734727
A127: Singapore Food Import Data (https://data.gov.sg/datasets/d_b89e35ce38cb93a17f5c016e71f50690/view)
A128: Thousand dollars | B128: 2026May | C128: 2026Apr | D128: 2026Mar | E128: 2026Feb | F128: 2026Jan | G128: 2025Dec | H128: 2025Nov | I128: 2025Oct | J128: 2025Sep | K128: 2025Aug | L128: 2025Jul | M128: 2025Jun | N128: 2025May | O128: 2025Apr | P128: 2025Mar | Q128: 2025Feb | R128: 2025Jan | S128: 2024Dec | T128: 2024Nov | U128: 2024Oct | V128: 2024Sep | W128: 2024Aug | X128: 2024Jul | Y128: 2024Jun | Z128: 2024May | AA128: 2024Apr | AB128: 2024Mar | AC128: 2024Feb | AD128: 2024Jan | AE128: 2023Dec | AF128: 2023Nov | AG128: 2023Oct | AH128: 2023Sep | AI128: 2023Aug | AJ128: 2023Jul | AK128: 2023Jun | AL128: 2023May | AM128: 2023Apr | AN128: 2023Mar | AO128: 2023Feb | AP128: 2023Jan | AQ128: 2022Dec | AR128: 2022Nov | AS128: 2022Oct | AT128: 2022Sep | AU128: 2022Aug | AV128: 2022Jul | AW128: 2022Jun | AX128: 2022May | AY128: 2022Apr | AZ128: 2022Mar | BA128: 2022Feb | BB128: 2022Jan | BC128: 2021Dec | BD128: 2021Nov | BE128: 2021Oct | BF128: 2021Sep | BG128: 2021Aug | BH128: 2021Jul | BI128: 2021Jun | BJ128: 2021May | BK128: 2021Apr | BL128: 2021Mar | BM128: 2021Feb | BN128: 2021Jan | BO128: 2020Dec | BP128: 2020Nov | BQ128: 2020Oct | BR128: 2020Sep | BS128: 2020Aug | BT128: 2020Jul | BU128: 2020Jun | BV128: 2020May | BW128: 2020Apr | BX128: 2020Mar | BY128: 2020Feb | BZ128: 2020Jan
A129: Total Merchandise Imports | B129: 75058544 | C129: 75903752 | D129: 72323681 | E129: 54121439 | F129: 63314302 | G129: 64081411 | H129: 55584973 | I129: 62122551 | J129: 56257304 | K129: 51840489 | L129: 57017677 | M129: 48478112 | N129: 52261450 | O129: 56417817 | P129: 53410001 | Q129: 46446586 | R129: 54346645 | S129: 56135912 | T129: 51802132 | U129: 51415560 | V129: 49068356 | W129: 49948953 | X129: 52965176 | Y129: 48845924 | Z129: 52681450 | AA129: 52900958 | AB129: 51339878 | AC129: 45008515 | AD129: 49246627 | AE129: 45253865 | AF129: 49402365 | AG129: 51889502 | AH129: 48959187 | AI129: 49259954 | AJ129: 46574586 | AK129: 46726290 | AL129: 45561963 | AM129: 44966738 | AN129: 51593268 | AO129: 42748424 | AP129: 44382920 | AQ129: 49869770 | AR129: 50653907 | AS129: 53182943 | AT129: 55799312 | AU129: 58466009 | AV129: 61029374 | AW129: 59649162 | AX129: 57604263 | AY129: 56116002 | AZ129: 58079982 | BA129: 44958373 | BB129: 50026788 | BC129: 54349357 | BD129: 50674908 | BE129: 47945213 | BF129: 45980374 | BG129: 44714491 | BH129: 46107788 | BI129: 45039845 | BJ129: 41559697 | BK129: 45169547 | BL129: 47668437 | BM129: 37643664 | BN129: 39028616 | BO129: 40154550 | BP129: 38477878 | BQ129: 38173829 | BR129: 38801413 | BS129: 36472279 | BT129: 37843646 | BU129: 35120892 | BV129: 31458238 | BW129: 35878828 | BX129: 40433029 | BY129: 39472637 | BZ129: 41180224
A130: Meat & Meat Preparations | B130: 184182 | C130: 195141 | D130: 203018 | E130: 169847 | F130: 194521 | G130: 208495 | H130: 171607 | I130: 180139 | J130: 161709 | K130: 170876 | L130: 193723 | M130: 167231 | N130: 165636 | O130: 165216 | P130: 165859 | Q130: 155764 | R130: 170476 | S130: 169456 | T130: 157927 | U130: 165238 | V130: 180652 | W130: 187362 | X130: 202613 | Y130: 159484 | Z130: 174625 | AA130: 169783 | AB130: 159285 | AC130: 131607 | AD130: 166195 | AE130: 163994 | AF130: 151832 | AG130: 142254 | AH130: 127898 | AI130: 154715 | AJ130: 164614 | AK130: 163092 | AL130: 202475 | AM130: 158595 | AN130: 159458 | AO130: 123576 | AP130: 108541 | AQ130: 152371 | AR130: 168360 | AS130: 182063 | AT130: 205550 | AU130: 207307 | AV130: 194221 | AW130: 172627 | AX130: 163357 | AY130: 158373 | AZ130: 135268 | BA130: 108983 | BB130: 126302 | BC130: 146861 | BD130: 136009 | BE130: 128345 | BF130: 146196 | BG130: 145762 | BH130: 169407 | BI130: 150025 | BJ130: 143410 | BK130: 136717 | BL130: 137299 | BM130: 108088 | BN130: 110585 | BO130: 143393 | BP130: 134922 | BQ130: 136760 | BR130: 126794 | BS130: 137407 | BT130: 153816 | BU130: 152160 | BV130: 135626 | BW130: 130282 | BX130: 124673 | BY130: 107656 | BZ130: 125402
A131: Fish, Seafood (Excl Marine Mammals) & Preparations | B131: 121292 | C131: 124187 | D131: 119067 | E131: 122837 | F131: 141741 | G131: 177433 | H131: 136321 | I131: 152232 | J131: 138782 | K131: 124291 | L131: 137702 | M131: 111453 | N131: 111464 | O131: 121671 | P131: 115139 | Q131: 100656 | R131: 141082 | S131: 159735 | T131: 139899 | U131: 150990 | V131: 127423 | W131: 133200 | X131: 122024 | Y131: 102245 | Z131: 118187 | AA131: 110733 | AB131: 108829 | AC131: 99212 | AD131: 145514 | AE131: 151410 | AF131: 135570 | AG131: 146895 | AH131: 141370 | AI131: 143473 | AJ131: 130448 | AK131: 124092 | AL131: 133172 | AM131: 110231 | AN131: 130956 | AO131: 96949 | AP131: 125528 | AQ131: 189622 | AR131: 168843 | AS131: 151375 | AT131: 150516 | AU131: 146670 | AV131: 137174 | AW131: 136837 | AX131: 136174 | AY131: 136356 | AZ131: 123474 | BA131: 93584 | BB131: 141179 | BC131: 192258 | BD131: 147032 | BE131: 120845 | BF131: 119914 | BG131: 107280 | BH131: 116536 | BI131: 106801 | BJ131: 104720 | BK131: 106356 | BL131: 110167 | BM131: 93034 | BN131: 127894 | BO131: 160815 | BP131: 115214 | BQ131: 119028 | BR131: 103409 | BS131: 100963 | BT131: 112884 | BU131: 114164 | BV131: 86143 | BW131: 97804 | BX131: 95108 | BY131: 84459 | BZ131: 122535
A132: Vegetables & Fruit | B132: 203609 | C132: 212989 | D132: 197046 | E132: 183052 | F132: 242811 | G132: 236270 | H132: 194554 | I132: 222153 | J132: 202887 | K132: 209487 | L132: 218834 | M132: 198548 | N132: 195411 | O132: 193541 | P132: 195212 | Q132: 181390 | R132: 231085 | S132: 224917 | T132: 201266 | U132: 211613 | V132: 190583 | W132: 208074 | X132: 219394 | Y132: 184703 | Z132: 201675 | AA132: 195774 | AB132: 199737 | AC132: 170511 | AD132: 244799 | AE132: 197037 | AF132: 196935 | AG132: 192597 | AH132: 198503 | AI132: 210676 | AJ132: 198340 | AK132: 195481 | AL132: 205412 | AM132: 188282 | AN132: 206513 | AO132: 173955 | AP132: 203858 | AQ132: 213763 | AR132: 214267 | AS132: 188718 | AT132: 208734 | AU132: 214650 | AV132: 209167 | AW132: 217088 | AX132: 198634 | AY132: 226253 | AZ132: 209907 | BA132: 158200 | BB132: 226376 | BC132: 235587 | BD132: 205674 | BE132: 195947 | BF132: 194609 | BG132: 210017 | BH132: 214306 | BI132: 205652 | BJ132: 182769 | BK132: 193697 | BL132: 206114 | BM132: 176890 | BN132: 217320 | BO132: 223394 | BP132: 186750 | BQ132: 196274 | BR132: 184643 | BS132: 200836 | BT132: 226729 | BU132: 207951 | BV132: 204112 | BW132: 217899 | BX132: 199147 | BY132: 169661 | BZ132: 201040
A133: Coffee, Tea, Cocoa, Spices & Manufactures | B133: 160941 | C133: 176788 | D133: 192339 | E133: 157367 | F133: 182520 | G133: 176099 | H133: 170350 | I133: 208894 | J133: 186545 | K133: 180579 | L133: 222760 | M133: 210703 | N133: 240551 | O133: 199638 | P133: 222853 | Q133: 205100 | R133: 202609 | S133: 200252 | T133: 206769 | U133: 210129 | V133: 179199 | W133: 198176 | X133: 209282 | Y133: 177369 | Z133: 158823 | AA133: 143010 | AB133: 152705 | AC133: 109424 | AD133: 139549 | AE133: 123198 | AF133: 129736 | AG133: 125078 | AH133: 108011 | AI133: 124850 | AJ133: 109334 | AK133: 104776 | AL133: 117258 | AM133: 107830 | AN133: 136677 | AO133: 113960 | AP133: 127142 | AQ133: 124785 | AR133: 127321 | AS133: 115228 | AT133: 134202 | AU133: 129105 | AV133: 114432 | AW133: 122408 | AX133: 109471 | AY133: 125277 | AZ133: 120573 | BA133: 108568 | BB133: 121962 | BC133: 125983 | BD133: 122268 | BE133: 111427 | BF133: 105406 | BG133: 96335 | BH133: 95200 | BI133: 111459 | BJ133: 104280 | BK133: 93250 | BL133: 120982 | BM133: 94544 | BN133: 101962 | BO133: 111713 | BP133: 98533 | BQ133: 103585 | BR133: 88207 | BS133: 91349 | BT133: 86592 | BU133: 74964 | BV133: 83398 | BW133: 99787 | BX133: 123011 | BY133: 109737 | BZ133: 107920
A134: Beverages | B134: 327851 | C134: 369734 | D134: 277188 | E134: 206386 | F134: 285107 | G134: 359452 | H134: 309616 | I134: 305345 | J134: 322937 | K134: 303013 | L134: 338153 | M134: 299842 | N134: 344452 | O134: 323966 | P134: 275548 | Q134: 212444 | R134: 271862 | S134: 353684 | T134: 298772 | U134: 338946 | V134: 347048 | W134: 373476 | X134: 441323 | Y134: 292133 | Z134: 317338 | AA134: 337111 | AB134: 320341 | AC134: 230538 | AD134: 301626 | AE134: 323161 | AF134: 393568 | AG134: 345795 | AH134: 392608 | AI134: 514642 | AJ134: 447467 | AK134: 484172 | AL134: 537816 | AM134: 383571 | AN134: 428005 | AO134: 271150 | AP134: 320742 | AQ134: 457935 | AR134: 443770 | AS134: 385669 | AT134: 425061 | AU134: 483871 | AV134: 403847 | AW134: 395658 | AX134: 310526 | AY134: 382465 | AZ134: 281106 | BA134: 240936 | BB134: 277423 | BC134: 391451 | BD134: 349562 | BE134: 361413 | BF134: 406406 | BG134: 345746 | BH134: 372333 | BI134: 329274 | BJ134: 342686 | BK134: 328851 | BL134: 349910 | BM134: 244559 | BN134: 350377 | BO134: 395217 | BP134: 324528 | BQ134: 339984 | BR134: 312518 | BS134: 272876 | BT134: 217385 | BU134: 215656 | BV134: 186726 | BW134: 269790 | BX134: 309226 | BY134: 223485 | BZ134: 271032
A135: Crude Animal & Vegetable Materials Nes | B135: 27997 | C135: 29133 | D135: 29066 | E135: 25439 | F135: 34235 | G135: 32189 | H135: 30291 | I135: 32197 | J135: 31393 | K135: 31826 | L135: 40136 | M135: 35151 | N135: 28822 | O135: 33801 | P135: 34491 | Q135: 30440 | R135: 34574 | S135: 37414 | T135: 39167 | U135: 33365 | V135: 31310 | W135: 33079 | X135: 37225 | Y135: 32730 | Z135: 32281 | AA135: 31689 | AB135: 40845 | AC135: 30054 | AD135: 37622 | AE135: 31090 | AF135: 38054 | AG135: 36668 | AH135: 30190 | AI135: 37164 | AJ135: 36242 | AK135: 31507 | AL135: 37982 | AM135: 31365 | AN135: 38949 | AO135: 34847 | AP135: 35650 | AQ135: 43731 | AR135: 44502 | AS135: 42939 | AT135: 33148 | AU135: 39651 | AV135: 33860 | AW135: 40974 | AX135: 32556 | AY135: 41841 | AZ135: 43858 | BA135: 32837 | BB135: 41954 | BC135: 44625 | BD135: 35049 | BE135: 33069 | BF135: 43666 | BG135: 28972 | BH135: 32183 | BI135: 32449 | BJ135: 30082 | BK135: 34653 | BL135: 35551 | BM135: 24862 | BN135: 36218 | BO135: 33419 | BP135: 31680 | BQ135: 28689 | BR135: 29178 | BS135: 27561 | BT135: 26110 | BU135: 32905 | BV135: 27039 | BW135: 28390 | BX135: 40148 | BY135: 34207 | BZ135: 38183
A136: Fixed Vegetable Fats & Oils Crude Refined Or Fractionated | B136: 52796 | C136: 49955 | D136: 43743 | E136: 37939 | F136: 55300 | G136: 48191 | H136: 49054 | I136: 67366 | J136: 51679 | K136: 45419 | L136: 56764 | M136: 48044 | N136: 52260 | O136: 64952 | P136: 49579 | Q136: 40776 | R136: 57830 | S136: 52837 | T136: 73872 | U136: 50132 | V136: 36638 | W136: 36834 | X136: 51711 | Y136: 38430 | Z136: 44609 | AA136: 41856 | AB136: 39020 | AC136: 36628 | AD136: 47092 | AE136: 38856 | AF136: 37787 | AG136: 48055 | AH136: 46155 | AI136: 49101 | AJ136: 56364 | AK136: 39235 | AL136: 45827 | AM136: 47982 | AN136: 54523 | AO136: 48713 | AP136: 53625 | AQ136: 51486 | AR136: 72122 | AS136: 48095 | AT136: 68628 | AU136: 61878 | AV136: 91756 | AW136: 70636 | AX136: 59532 | AY136: 89854 | AZ136: 72450 | BA136: 73881 | BB136: 71404 | BC136: 68165 | BD136: 53036 | BE136: 68185 | BF136: 53534 | BG136: 47500 | BH136: 52118 | BI136: 45740 | BJ136: 37149 | BK136: 51872 | BL136: 55105 | BM136: 45676 | BN136: 60207 | BO136: 59795 | BP136: 57408 | BQ136: 46525 | BR136: 42477 | BS136: 58448 | BT136: 44232 | BU136: 42120 | BV136: 41926 | BW136: 44186 | BX136: 41120 | BY136: 29311 | BZ136: 40788
A137: Animal Or Vegetable Fats & Oils Processed Waxes Of Animal Or Vegetable Origin Inedible Mixtures Or Preparations Of Animal Or Vegetable Fats Or Oils Nes | B137: 185138 | C137: 93199 | D137: 199308 | E137: 69716 | F137: 93776 | G137: 188017 | H137: 99302 | I137: 285827 | J137: 151743 | K137: 197895 | L137: 171405 | M137: 211874 | N137: 196319 | O137: 177345 | P137: 163230 | Q137: 144282 | R137: 249989 | S137: 65836 | T137: 26989 | U137: 67718 | V137: 103986 | W137: 105473 | X137: 130378 | Y137: 185137 | Z137: 188843 | AA137: 181200 | AB137: 188585 | AC137: 217717 | AD137: 213410 | AE137: 205810 | AF137: 150868 | AG137: 171186 | AH137: 72624 | AI137: 69870 | AJ137: 142927 | AK137: 193581 | AL137: 204358 | AM137: 240857 | AN137: 196490 | AO137: 205143 | AP137: 185975 | AQ137: 107986 | AR137: 190229 | AS137: 189531 | AT137: 248372 | AU137: 141279 | AV137: 56685 | AW137: 211477 | AX137: 180129 | AY137: 186703 | AZ137: 144041 | BA137: 158300 | BB137: 199544 | BC137: 174332 | BD137: 197299 | BE137: 168336 | BF137: 140568 | BG137: 121032 | BH137: 27894 | BI137: 190456 | BJ137: 57429 | BK137: 123008 | BL137: 118581 | BM137: 68902 | BN137: 118047 | BO137: 80368 | BP137: 94771 | BQ137: 110958 | BR137: 95012 | BS137: 69154 | BT137: 62379 | BU137: 41867 | BV137: 62599 | BW137: 65044 | BX137: 59691 | BY137: 60796 | BZ137: 49258
B139: 2026 | C139: 2025 | D139: 2024 | E139: 2023 | F139: 2022 | G139: 2021 | H139: 2020
...

Sheet Context
B3: Contextual elements to calculate present day shares
C5: Variable | D5: Year | E5: Unit | F5: Value | G5: Source | H5: Notes
C6: Singapore electricity generation | D6: 2020 | E6: TWh | F6: 53 | G6: EMA
C7: Singapore hydrogen demand | D7: - | E7: Mt | F7: 0 | G7: EMA
C8: Singapore passenger-km travelled by land (domestic only) | D8: 2020 | E8: Billion p-km
C9: Singapore passenger-km travelled by air | D9: 2020 | E9: Billion p-km | F9: =30045556650*0.000000001 -> 30.045557 | G9: UN Stats | H9: https://unstats.un.org/sdgs/dataportal/countryprofiles/sgp
C10: Useful energy for space cooling and water heating | D10: 2020 | E10: TWh
C11: Global households reliant on cookstoves | D11: 2020 | E11: Million | H11: Singapore is not reliant on cookstoves
C12: Steel production | D12: 2020 | E12: Tonnes | F12: 259495 | G12: Statbase | H12: https://statbase.org/data/sgp-steel-production/
C13: Cement production | D13: 2020 | E13: Tonnes | H13: Singapore only imports cement but not produce it
C14: Singapore cropland area | D14: 1991-2020 | E14: ha | F14: 100 | G14: UN FAO
C15: Singapore pasture area | D15: 1991-2020 | E15: ha | F15: 0 | H15: Singapore has no pasture
C16: Singapore forest area | D16: 1991-2020 | E16: ha | F16: 14730 | G16: UN FAO | H16: https://fra-data.fao.org/assessments/fra/latest/SGP/home/overview
B18: Contextual elements to calculate 2050 shares (scenario independent)
C20: Variable | D20: Year | E20: Unit | F20: Value | G20: Source | H20: Notes
C21: Cumulative HFC emissions | D21: 2050 | E21: MtCO2e
C22: Tropical cropland area | D22: 2050 | E22: ha
C23: Tropical pasture area | D23: 2050 | E23: ha | H23: Singapore has no pasture
C24: Tropical forest area | D24: 2050 | E24: ha | F24: 14730
C25: Calories from meat | D25: 2050 | E25: kcal/cap/day
C26: Food loss and waste | D26: 2050 | E26: Kt | F26: 650 | H26: Average from 2021-2024
C27: Hydrogen demand (low) | D27: 2050 | E27: Mt
C28: Hydrogen demand (high) | D28: 2050 | E28: Mt
B30: Contextual elements to calculate 2050 shares from baseline scenarios
C32: Variable | D32: Year | E32: Unit | F32: Values | G32: Source | H32: Notes
C33: Total electricity generation | D33: 2050 | E33: TWh | F33: 130 | G33: EMA
C34: Total passenger-km travelled by land (domestic only) | D34: 2050 | E34: Billion p-km | F34: 10000 | H34: Projected
C35: Total passenger-km travelled by air | D35: 2050 | E35: Billion p-km | F35: 0 | H35: Singapore does not rely on domestic flights for intra-city transport
C36: Total useful energy for space and water heating | D36: 2050 | E36: TWh
C37: Total demand for steel from all sources | D37: 2050 | E37: Mt
C38: Total demand for cement from all sources | D38: 2050 | E38: Mt
C39: Total cumulative methane emissions from oil and gas | D39: 2020-2050 | E39: MtCO2e
C40: Total GHG emissions from freight | D40: 2050 | E40: MtCO2e
B43: Sources
B44: 1 | C44: Ember, "Yearly Electricity Data" (2025).
B45: 2 | C45: IEA, “Global Hydrogen Review 2024” (2025).
B46: 3 | C46: Average of Global Calculator reference scenarios for 2020
B47: 4 | C47: ESMAP, “The State of Access to Modern Energy Cooking Services” (2020).
B48: 5 | C48: Author's analysis of ESA CCI and NASA MODIS datasets. See Materials and Methods for more details.
B49: 6 | C49: G. Dreyfus et al., “Assessment of Climate and Development Benefits of Efficient and Climate-Friendly Cooling” (2020).
B50: 7 | C50: From "Dietary change.xlsx", values for 2018 and 2050
B51: 8 | C51: From "Food loss and waste.xlsx", values for 2018 and 2050
B52: 9 | C52: Johnson et al., "Realistic roles for hydrogen in the future energy transition" (2025).
B53: 10 | C53: IEA, "Global EV Outook 2025", with vehicle stock of 40 million in 2023 adjusted by 14,825km/vehicle/year and occupancy of 1.65.
B54: 11 | C54: IEA, “Renewables” (2023), with litres of ethanol in 2022 adjusted assuming 5.86 kWh/litre, 0.664 kWh/km and occupancy of 1.65.
B55: 12 | C55: Global Forest Watch, “Global Tree Cover Data Dashboard” (2023).
... B58: 15 | C58: H. Joosten, “The Global Peatland CO2 Picture” (2010).
B60: Notes
B61: * | C61: Historical value for coal-to-gas fuel-switching is global gas generation

Sheet Effort Summary
A1: # | B1: Sector | C1: Strategy | D1: Strategy Type | E1: Unit | F1: Current value (2020) | G1: Current share | H1: Source | I1: Wedge target | J1: Wedge target (high) | K1: Wedge target (low) | L1: Wedge share | M1: Wedge share (high) | N1: Wedge share (low) | O1: Scenario analysis: Wedge target (BAU) | P1: Scenario analysis: Wedge target (CPS) | Q1: Scenario analysis: Wedge target (NZS) | R1: Scenario analysis: Wedge share (BAU) | S1: Scenario analysis: Wedge share (CPS) | T1: Scenario analysis: Wedge share (NZS) | U1: Scenario independent: Wedge target (central) | V1: Scenario independent: Wedge target (high) | W1: Scenario independent: Wedge target (low)
A2: 1 | B2: Power | C2: Power BECCS with crops | D2: New | E2: TWh (output) | F2: 0 | G2: =F2/Context!$F$6 -> 0 | H2: Negligible | I2: =AVERAGE(O2:Q2) -> 1922.262 | J2: =MAX(O2:Q2) -> 1997.483 | K2: =MIN(O2:Q2) -> 1812.255 | L2: =AVERAGE(R2:T2) -> #REF! | M2: =MAX(R2:T2) -> #REF! | N2: =MIN(R2:T2) -> #REF! | O2: 1957.048 | P2: 1997.483 | Q2: 1812.255 | R2: =O2/#REF! -> #REF! | S2: =P2/#REF! -> #REF! | T2: =Q2/#REF! -> #REF! | U2: –– | V2: –– | W2: ––
A3: 2 | B3: Power | C3: Power BECCS with waste | D3: New | E3: TWh (output) | F3: 0 | G3: =F3/Context!$F$6 -> 0 | H3: Negligible | I3: =AVERAGE(O3:Q3) -> 1550.9783 | J3: =MAX(O3:Q3) -> 1600.022 | K3: =MIN(O3:Q3) -> 1478.94 | L3: =AVERAGE(R3:T3) -> #REF! | M3: =MAX(R3:T3) -> #REF! | N3: =MIN(R3:T3) -> #REF! | O3: 1573.973 | P3: 1600.022 | Q3: 1478.94 | R3: =O3/#REF! -> #REF! | S3: =P3/#REF! -> #REF! | T3: =Q3/#REF! -> #REF! | U3: –– | V3: –– | W3: ––
A4: 3 | B4: Power | C4: Retrofit coal plants with CCS | D4: Reduction | E4: TWh (output) | F4: 0 | G4: =F4/Context!$F$6 -> 0 | H4: Negligible | I4: =AVERAGE(O4:Q4) -> 2870.0089 | J4: =MAX(O4:Q4) -> 2892.9206 | K4: =MIN(O4:Q4) -> 2858.553 | L4: =AVERAGE(R4:T4) -> #REF! | M4: =MAX(R4:T4) -> #REF! | N4: =MIN(R4:T4) -> #REF! | O4: 2858.553 | P4: 2858.553 | Q4: 2892.9206 | R4: =O4/#REF! -> #REF! | S4: =P4/#REF! -> #REF! | T4: =Q4/#REF! -> #REF! | U4: –– | V4: –– | W4: ––
A5: 4 | B5: Power | C5: Install more wind farms | D5: New | E5: TWh (output) | F5: 0 | G5: =F5/Context!$F$6 -> 0 | H5: Negligible | I5: =AVERAGE(O5:Q5) -> 2762.7921 | J5: =MAX(O5:Q5) -> 2917.6129 | K5: =MIN(O5:Q5) -> 2538.621 | L5: =AVERAGE(R5:T5) -> #REF! | M5: =MAX(R5:T5) -> #REF! | N5: =MIN(R5:T5) -> #REF! | O5: 2832.1424 | P5: 2917.6129 | Q5: 2538.621 | R5: =O5/#REF! -> #REF! | S5: =P5/#REF! -> #REF! | T5: =Q5/#REF! -> #REF! | U5: –– | V5: –– | W5: ––
A6: 5 | B6: Power | C6: Install more solar panels | D6: Efficiency | E6: TWh (output) | F6: =0.0353*60 -> 2.118 | G6: =F6/Context!$F$6 -> 0.039962264 | H6: EMA | I6: =AVERAGE(O6:Q6) -> 2762.7921 | J6: =MAX(O6:Q6) -> 2917.6129 | K6: =MIN(O6:Q6) -> 2538.621 | L6: =AVERAGE(R6:T6) -> #REF! | M6: =MAX(R6:T6) -> #REF! | N6: =MIN(R6:T6) -> #REF! | O6: 2832.1424 | P6: 2917.6129 | Q6: 2538.621 | R6: =O6/#REF! -> #REF! | S6: =P6/#REF! -> #REF! | T6: =Q6/#REF! -> #REF! | U6: –– | V6: –– | W6: ––
A7: 6 | B7: Power | C7: Install more nuclear reactors | D7: New | E7: TWh (output) | F7: 0 | G7: =F7/Context!$F$6 -> 0 | H7: Negligible | I7: =AVERAGE(O7:Q7) -> 2762.7921 | J7: =MAX(O7:Q7) -> 2917.6129 | K7: =MIN(O7:Q7) -> 2538.621 | L7: =AVERAGE(R7:T7) -> #REF! | M7: =MAX(R7:T7) -> #REF! | N7: =MIN(R7:T7) -> #REF! | O7: 2832.1424 | P7: 2917.6129 | Q7: 2538.621 | R7: =O7/#REF! -> #REF! | S7: =P7/#REF! -> #REF! | T7: =Q7/#REF! -> #REF! | U7: –– | V7: –– | W7: ––
A8: 7 | B8: Power | C8: Switch from coal to gas plants | D8: Displacement | E8: TWh (output)* | F8: =250.4*11630*0.000000001 -> 0.002912152 | G8: =F8/Context!$F$6 -> 5.4946264e-05 | H8: EMA | I8: =AVERAGE(O8:Q8) -> 4121.1781 | J8: =MAX(O8:Q8) -> 4153.3085 | K8: =MIN(O8:Q8) -> 4105.1128 | L8: =AVERAGE(R8:T8) -> #REF! | M8: =MAX(R8:T8) -> #REF! | N8: =MIN(R8:T8) -> #REF! | O8: 4105.1128 | P8: 4105.1128 | Q8: 4153.3085 | R8: =O8/#REF! -> #REF! | S8: =P8/#REF! -> #REF! | T8: =Q8/#REF! -> #REF! | U8: –– | V8: –– | W8: ––
A9: 8 | B9: Power | C9: Retrofit gas plants with CCS | D9: New | E9: TWh (output) | F9: 0 | G9: =F9/Context!$F$6 -> 0 | H9: Negligible | I9: =AVERAGE(O9:Q9) -> 7088.6148 | J9: =MAX(O9:Q9) -> 7157.537 | K9: =MIN(O9:Q9) -> 7054.1536 | L9: =AVERAGE(R9:T9) -> #REF! | M9: =MAX(R9:T9) -> #REF! | N9: =MIN(R9:T9) -> #REF! | O9: 7054.1536 | P9: 7054.1536 | Q9: 7157.537 | R9: =O9/#REF! -> #REF! | S9: =P9/#REF! -> #REF! | T9: =Q9/#REF! -> #REF! | U9: –– | V9: –– | W9: ––
B10: Power | C10: Tap on tidal energy | D10: New | E10: TWh (output) | F10: 0 | G10: =F10/Context!$F$8 -> #DIV/0! | I10: =AVERAGE(O10:Q10) -> #DIV/0! | J10: =MAX(O10:Q10) -> 0 | K10: =MIN(O10:Q10) -> 0 | L10: =AVERAGE(R10:T10) -> #REF! | M10: =MAX(R10:T10) -> #REF! | N10: =MIN(R10:T10) -> #REF! | R10: =O10/#REF! -> #REF! | S10: =P10/#REF! -> #REF! | T10: =Q10/#REF! -> #REF!
B11: Power | C11: Tap on geothermal | D11: New | E11: TWh (output) | G11: =F11/Context!$F$8 -> #DIV/0! | I11: =AVERAGE(O11:Q11) -> #DIV/0! | J11: =MAX(O11:Q11) -> 0 | K11: =MIN(O11:Q11) -> 0 | L11: =AVERAGE(R11:T11) -> #REF! | M11: =MAX(R11:T11) -> #REF! | N11: =MIN(R11:T11) -> #REF! | R11: =O11/#REF! -> #REF! | S11: =P11/#REF! -> #REF! | T11: =Q11/#REF! -> #REF!
A12: 9 | B12: Transport | C12: Avoid car travel or walk/cycle | D12: Reduction/Efficiency | E12: Billion p-km | F12: 8.3505 | G12: =F12/Context!$F$8 -> #DIV/0! | H12: LTA | I12: =AVERAGE(O12:Q12) -> 18.69429 | J12: =MAX(O12:Q12) -> 19.76079 | K12: =MIN(O12:Q12) -> 17.42949 | L12: =AVERAGE(R12:T12) -> #REF! | M12: =MAX(R12:T12) -> #REF! | N12: =MIN(R12:T12) -> #REF! | O12: 18.89259 | P12: 19.76079 | Q12: 17.42949 | R12: =O12/#REF! -> #REF! | S12: =P12/#REF! -> #REF! | T12: =Q12/#REF! -> #REF! | U12: –– | V12: –– | W12: ––
A13: 10 | B13: Transport | C13: Deploy more electric vehicles | D13: Displacement | E13: Billion p-km | F13: =58000000*1.65*14825/1000000000000 -> 1.4187525 | G13: =F13/Context!$F$8 -> #DIV/0! | H13: LTA | I13: =AVERAGE(O13:Q13) -> 19.023617 | J13: =MAX(O13:Q13) -> 20.12813 | K13: =MIN(O13:Q13) -> 17.71464 | L13: =AVERAGE(R13:T13) -> #REF! | M13: =MAX(R13:T13) -> #REF! | N13: =MIN(R13:T13) -> #REF! | O13: 19.22808 | P13: 20.12813 | Q13: 17.71464 | R13: =O13/#REF! -> #REF! | S13: =P13/#REF! -> #REF! | T13: =Q13/#REF! -> #REF! | U13: –– | V13: –– | W13: ––
A14: 11 | B14: Transport | C14: Deploy more biofuels | D14: Displacement | E14: Billion p-km | F14: =0.1057 * 5.86 / 0.664 * 1.65 -> 1.5391767 | G14: =F14/Context!$F$8 -> #DIV/0! | H14: 11 | I14: =AVERAGE(O14:Q14) -> 20.00796 | J14: =MAX(O14:Q14) -> 21.15226 | K14: =MIN(O14:Q14) -> 18.65372 | L14: =AVERAGE(R14:T14) -> #REF! | M14: =MAX(R14:T14) -> #REF! | N14: =MIN(R14:T14) -> #REF! | O14: 20.2179 | P14: 21.15226 | Q14: 18.65372 | R14: =O14/#REF! -> #REF! | S14: =P14/#REF! -> #REF! | T14: =Q14/#REF! -> #REF! | U14: –– | V14: –– | W14: ––
A15: 12 | B15: Transport | C15: Use more public transport | D15: Displacement/Reduction | E15: Billion p-km | F15: 22.394838 | G15: =F15/Context!$F$8 -> #DIV/0! | H15: LTA | I15: =AVERAGE(O15:Q15) -> 21.345767 | J15: =MAX(O15:Q15) -> 22.73727 | K15: =MIN(O15:Q15) -> 19.70466 | L15: =AVERAGE(R15:T15) -> #REF! | M15: =MAX(R15:T15) -> #REF! | N15: =MIN(R15:T15) -> #REF! | O15: 21.59537 | P15: 22.73727 | Q15: 19.70466 | R15: =O15/#REF! -> #REF! | S15: =P15/#REF! -> #REF! | T15: =Q15/#REF! -> #REF! | U15: –– | V15: –– | W15: ––
A16: 13 | B16: Transport | C16: Decarbonise surface freight | D16: Reduction | E16: MtCO2e | F16: 4.1939755 | G16: –– | H16: LTA | I16: =AVERAGE(O16:Q16) -> -2 | J16: =MAX(O16:Q16) -> -2 | K16: =MIN(O16:Q16) -> -2 | L16: =AVERAGE(R16:T16) -> #REF! | M16: =MAX(R16:T16) -> #REF! | N16: =MIN(R16:T16) -> #REF! | O16: -2 | P16: -2 | Q16: -2 | R16: =O16/#REF! -> #REF! | S16: =P16/#REF! -> #REF! | T16: =Q16/#REF! -> #REF! | U16: –– | V16: –– | W16: ––
A17: 14 | B17: Transport | C17: Avoid taking flights | D17: Displacement/Reduction | E17: Billion p-km | F17: 0 | G17: –– | H17: ICAO | I17: =AVERAGE(O17:Q17) -> -10.564265 | J17: =MAX(O17:Q17) -> -9.633295 | K17: =MIN(O17:Q17) -> -11.2855 | L17: =AVERAGE(R17:T17) -> #REF! | M17: =MAX(R17:T17) -> #REF! | N17: =MIN(R17:T17) -> #REF! | O17: -10.774 | P17: -11.2855 | Q17: -9.633295 | R17: =O17/#REF! -> #REF! | S17: =P17/#REF! -> #REF! | T17: =Q17/#REF! -> #REF! | U17: –– | V17: –– | W17: ––
A18: 15 | B18: Transport | C18: Improve efficiency of cars | D18: Reduction/Efficiency | E18: l/100km | F18: =0.664/8.9*100 -> 7.4606742 | G18: –– | H18: LTA | I18: =AVERAGE(O18:Q18) -> 3.6654647 | J18: =MAX(O18:Q18) -> 4.456696 | K18: =MIN(O18:Q18) -> 3.130831 | L18: =AVERAGE(R18:T18) -> -0.50869525 | M18: =MAX(R18:T18) -> -0.40264165 | N18: =MIN(R18:T18) -> -0.58035548 | O18: 3.408867 | P18: 3.130831 | Q18: 4.456696 | R18: =(O18/$F18)-1 -> -0.54308861 | S18: =(P18/$F18)-1 -> -0.58035548 | T18: =(Q18/$F18)-1 -> -0.40264165 | U18: –– | V18: –– | W18: ––
A19: 16 | B19: Buildings | C19: Reduce building heat transfer | D19: Reduction/Efficiency | E19: W/m2*K | F19: 1.508 | G19: –– | H19: 3 | I19: =AVERAGE(O19:Q19) -> 0.75069753 | J19: =MAX(O19:Q19) -> 0.8905009 | K19: =MIN(O19:Q19) -> 0.5880099 | L19: =AVERAGE(R19:T19) -> -0.50218996 | M19: =MAX(R19:T19) -> -0.40948216 | N19: =MIN(R19:T19) -> -0.61007301 | O19: 0.7735818 | P19: 0.5880099 | Q19: 0.8905009 | R19: =(O19/$F19)-1 -> -0.48701472 | S19: =(P19/$F19)-1 -> -0.61007301 | T19: =(Q19/$F19)-1 -> -0.40948216 | U19: –– | V19: –– | W19: ––
A20: 17 | B20: Buildings | C20: Install more heat pumps | D20: Reduction/Efficiency | E20: TWh (heat output) | F20: 1601.7225 | G20: =F20/Context!$F$10 -> #DIV/0! | H20: 3 | I20: =AVERAGE(O20:Q20) -> 4730.5613 | J20: =MAX(O20:Q20) -> 5122.815 | K20: =MIN(O20:Q20) -> 4478.144 | L20: =AVERAGE(R20:T20) -> #REF! | M20: =MAX(R20:T20) -> #REF! | N20: =MIN(R20:T20) -> #REF! | O20: 4590.725 | P20: 5122.815 | Q20: 4478.144 | R20: =O20/#REF! -> #REF! | S20: =P20/#REF! -> #REF! | T20: =Q20/#REF! -> #REF! | U20: –– | V20: –– | W20: ––
A21: 18 | B21: Buildings | C21: Deploy more clean stoves | D21: Displacement/Reduction/Efficiency | E21: Millions | F21: 348.57777 | G21: =F21/#REF! -> #REF! | H21: 4 | I21: =U21 -> 660.191 | J21: –– | K21: –– | L21: =U21/#REF! -> #REF! | M21: –– | N21: –– | O21: –– | P21: –– | Q21: –– | R21: –– | S21: –– | T21: –– | U21: 660.191 | V21: –– | W21: ––
A22: 19 | B22: Industry | C22: Deploy direct air capture | D22: New | E22: TWh (input) | F22: 0 | G22: =F22/#REF! -> #REF! | H22: Negligible | I22: =AVERAGE(O22:Q22) -> 1541.063 | J22: =MAX(O22:Q22) -> 1541.063 | K22: =MIN(O22:Q22) -> 1541.063 | L22: =AVERAGE(R22:T22) -> #REF! | M22: =MAX(R22:T22) -> #REF! | N22: =MIN(R22:T22) -> #REF! | O22: 1541.063 | P22: 1541.063 | Q22: 1541.063 | R22: =O22/#REF! -> #REF! | S22: =P22/#REF! -> #REF! | T22: =Q22/#REF! -> #REF! | U22: –– | V22: –– | W22: ––
A23: 20 | B23: Industry | C23: Produce clean hydrogen | D23: New | E23: Mt | F23: 0.6 | G23: =F23/#REF! -> #REF! | H23: 2 | I23: =AVERAGE(O23:Q23) -> 152.45884 | J23: =MAX(O23:Q23) -> 155.32303 | K23: =MIN(O23:Q23) -> 150.37658 | L23: =AVERAGE(R24:T25) -> #REF! | M23: =MAX(R24:T25) -> #REF! | N23: =MIN(R24:T25) -> #REF! | O23: 151.6769 | P23: 155.32303 | Q23: 150.37658 | R23: –– | S23: –– | T23: –– | U23: –– | V23: –– | W23: ––
B24: Industry | C24: … low demand for hydrogen | E24: Mt | F24: –– | G24: –– | H24: –– | I24: –– | J24: –– | K24: –– | L24: –– | M24: –– | N24: –– | O24: –– | P24: –– | Q24: –– | R24: =O23/#REF! -> #REF! | S24: =P23/#REF! -> #REF! | T24: =Q23/#REF! -> #REF! | U24: –– | V24: –– | W24: ––
B25: Industry | C25: … high demand for hydrogen | E25: Mt | F25: –– | G25: –– | H25: –– | I25: –– | J25: –– | K25: –– | L25: –– | M25: –– | N25: –– | O25: –– | P25: –– | Q25: –– | R25: =O23/#REF! -> #REF! | S25: =P23/#REF! -> #REF! | T25: =Q23/#REF! -> #REF! | U25: –– | V25: –– | W25: ––
A26: 21 | B26: Industry | C26: Decarbonise steelmaking | D26: Reduction/Efficiency | E26: Gt (output) | F26: 0 | G26: =F26/Context!$F$12 -> 0 | H26: Negligible | I26: =AVERAGE(O26:Q26) -> 1.2920434 | J26: =MAX(O26:Q26) -> 1.3525723 | K26: =MIN(O26:Q26) -> 1.2147388 | L26: =AVERAGE(R26:T26) -> #REF! | M26: =MAX(R26:T26) -> #REF! | N26: =MIN(R26:T26) -> #REF! | O26: =AVERAGE(O27:O28) -> 1.3088192 | P26: =AVERAGE(P27:P28) -> 1.3525723 | Q26: =AVERAGE(Q27:Q28) -> 1.2147388 | R26: =O26/#REF! -> #REF! | S26: =P26/#REF! -> #REF! | T26: =Q26/#REF! -> #REF! | U26: –– | V26: –– | W26: ––
B27: Industry | C27: … with hydrogen-DRI | E27: Gt (output) | F27: 0 | G27: =F27/#REF! -> #REF! | H27: Negligible | I27: –– | J27: –– | K27: –– | L27: –– | M27: –– | N27: –– | O27: 1.15718 | P27: 1.2302431 | Q27: 1.0610698 | R27: =O27/#REF! -> #REF! | S27: =P27/#REF! -> #REF! | T27: =Q27/#REF! -> #REF! | U27: –– | V27: –– | W27: ––
B28: Industry | C28: … with CCS | E28: Gt (output) | F28: 0 | G28: =F28/#REF! -> #REF! | H28: Negligible | I28: –– | J28: –– | K28: –– | L28: –– | M28: –– | N28: –– | O28: 1.4604584 | P28: 1.4749015 | Q28: 1.3684077 | R28: =O28/#REF! -> #REF! | S28: =P28/#REF! -> #REF! | T28: =Q28/#REF! -> #REF! | U28: –– | V28: –– | W28: ––
A29: 22 | B29: Industry | C29: Decarbonise cement production | D29: Reduction/Efficiency | E29: Gt (output) | F29: 0 | G29: =F29/Context!$F$13 -> #DIV/0! | H29: Negligible | I29: =AVERAGE(O29:Q29) -> 4.9257577 | J29: =MAX(O29:Q29) -> 4.9807125 | K29: =MIN(O29:Q29) -> 4.8648678 | L29: =AVERAGE(R29:T29) -> #REF! | M29: =MAX(R29:T29) -> #REF! | N29: =MIN(R29:T29) -> #REF! | O29: 4.9316928 | P29: 4.8648678 | Q29: 4.9807125 | R29: =O29/#REF! -> #REF! | S29: =P29/#REF! -> #REF! | T29: =Q29/#REF! -> #REF! | U29: –– | V29: –– | W29: ––
A30: 23 | B30: Industry | C30: Reduce methane from oil and gas | D30: Reduction/Efficiency | E30: MtCO2e (cum.) | F30: –– | G30: –– | H30: –– | I30: =AVERAGE(O30:Q30) -> -30 | J30: =MAX(O30:Q30) -> -30 | K30: =MIN(O30:Q30) -> -30 | L30: =AVERAGE(R30:T30) -> #REF! | M30: =MAX(R30:T30) -> #REF! | N30: =MIN(R30:T30) -> #REF! | O30: -30 | P30: -30 | Q30: -30 | R30: =O30/#REF! -> #REF! | S30: =P30/#REF! -> #REF! | T30: =Q30/#REF! -> #REF! | U30: –– | V30: –– | W30: ––
A31: 24 | B31: Industry | C31: Reduce refrigerant pollution | D31: Reduction/Efficiency | E31: MtCO2e (cum.) | F31: –– | G31: –– | H31: –– | I31: =U31 -> -30 | J31: –– | K31: –– | L31: =U31/Context!$F$21 -> #DIV/0! | M31: –– | N31: –– | O31: –– | P31: –– | Q31: –– | R31: –– | S31: –– | T31: –– | U31: -30 | V31: –– | W31: ––
A32: 25 | B32: Land use | C32: Reforest the tropics | D32: Displacement | E32: ha | F32: 66.3 | G32: =F32/Context!$F$16 -> 0.0045010183 | H32: UN FAO | I32: =U32 -> 103.838 | J32: =V32 -> 130.5969 | K32: =W32 -> 86.04148 | L32: =U32/#REF! -> #REF! | M32: =V32/#REF! -> #REF! | N32: =W32/#REF! -> #REF! | O32: –– | P32: –– | Q32: –– | R32: –– | S32: –– | T32: –– | U32: 103.838 | V32: 130.5969 | W32: 86.04148
A33: 26 | B33: Land use | C33: Reforest the temperate zone | E33: ha | F33: 43.5 | G33: =F33/#REF! -> #REF! | H33: 12 | I33: =U33 -> 143.0462 | J33: =V33 -> 184.2031 | K33: =W33 -> 117.0497 | L33: =U33/#REF! -> #REF! | M33: =V33/#REF! -> #REF! | N33: =W33/#REF! -> #REF! | O33: –– | P33: –– | Q33: –– | R33: –– | S33: –– | T33: –– | U33: 143.0462 | V33: 184.2031 | W33: 117.0497
A34: 27 | B34: Land use | C34: Add trees to tropical pasture | D34: New | E34: ha | F34: –– | G34: –– | H34: –– | I34: =U34 -> 129.0331 | J34: =V34 -> 216.036 | K34: =W34 -> 92.82798 | L34: =U34/#REF! -> #REF! | M34: =V34/#REF! -> #REF! | N34: =W34/#REF! -> #REF! | O34: –– | P34: –– | Q34: –– | R34: –– | S34: –– | T34: –– | U34: 129.0331 | V34: 216.036 | W34: 92.82798
A35: 28 | B35: Land use | C35: Add trees to temperate pasture | E35: ha | F35: –– | G35: –– | H35: –– | I35: =U35 -> 175.2986 | J35: =V35 -> 277.1797 | K35: =W35 -> 128.1203 | L35: =U35/#REF! -> #REF! | M35: =V35/#REF! -> #REF! | N35: =W35/#REF! -> #REF! | O35: –– | P35: –– | Q35: –– | R35: –– | S35: –– | T35: –– | U35: 175.2986 | V35: 277.1797 | W35: 128.1203
A36: 29 | B36: Land use | C36: Add trees to tropical cropland | D36: Displacement | E36: ha | F36: –– | G36: –– | H36: –– | I36: =U36 -> 152.0357 | J36: =V36 -> 169.082 | K36: =W36 -> 137.802 | L36: =U36/#REF! -> #REF! | M36: =V36/#REF! -> #REF! | N36: =W36/#REF! -> #REF! | O36: –– | P36: –– | Q36: –– | R36: –– | S36: –– | T36: –– | U36: 152.0357 | V36: 169.082 | W36: 137.802
A37: 30 | B37: Land use | C37: Enhance weathering in cropland | D37: New | E37: ha | F37: –– | G37: –– | H37: Negligible | I37: =U37 -> 320 | J37: –– | K37: –– | L37: =U37/#REF! -> #REF! | M37: –– | N37: –– | O37: –– | P37: –– | Q37: –– | R37: –– | S37: –– | T37: –– | U37: 320 | V37: –– | W37: ––
A38: 31 | B38: Land use | C38: Add trees to temperate cropland | E38: ha | F38: –– | G38: –– | H38: –– | I38: =U38 -> 338.5561 | J38: =V38 -> 541.3706 | K38: =W38 -> 246.6356 | L38: =U38/#REF! -> #REF! | M38: =V38/#REF! -> #REF! | N38: =W38/#REF! -> #REF! | O38: –– | P38: –– | Q38: –– | R38: –– | S38: –– | T38: –– | U38: 338.5561 | V38: 541.3706 | W38: 246.6356
A39: 32 | B39: Land use | C39: Manage soil carbon | D39: Reduction/Efficiency | E39: ha | F39: 180 | G39: =F39/Context!$F$14 -> 1.8 | H39: 13 | I39: =U39 -> 904 | J39: =V39 -> 1371 | K39: =W39 -> 675 | L39: =U39/#REF! -> #REF! | M39: =V39/#REF! -> #REF! | N39: =W39/#REF! -> #REF! | O39: –– | P39: –– | Q39: –– | R39: –– | S39: –– | T39: –– | U39: 904 | V39: 1371 | W39: 675
A40: 33 | B40: Land use | C40: Prevent tropical forest loss | D40: Displacement | E40: ha/year | F40: 19 | G40: –– | H40: Global Forest Watch | I40: =U40 -> -4.978338 | J40: =V40 -> -4.493484 | K40: =W40 -> -5.577543 | L40: =U40/$F$40 -> -0.26201779 | M40: =V40/$F$40 -> -0.23649916 | N40: =W40/$F$40 -> -0.29355489 | O40: –– | P40: –– | Q40: –– | R40: –– | S40: –– | T40: –– | U40: -4.978338 | V40: -4.493484 | W40: -5.577543
A41: 34 | B41: Land use | C41: Rewet drained peatlands | D41: Displacement | E41: ha | F41: 20.3 | G41: –– | H41: Negligible | I41: =U41 -> 18.04216 | J41: =V41 -> 45.23379 | K41: =W41 -> 11.19254 | L41: =U41/$F$41 -> 0.88877635 | M41: =V41/$F$41 -> 2.2282655 | N41: =W41/$F$41 -> 0.55135665 | O41: –– | P41: –– | Q41: –– | R41: –– | S41: –– | T41: –– | U41: 18.04216 | V41: 45.23379 | W41: 11.19254
B42: Land use | C42: ...and phase-out drainage | E42: ha/year | F42: 0.57 | G42: –– | H42: Negligible | I42: =U42 -> -0.5472178 | J42: =V42 -> -0.3514677 | K42: =W42 -> -1.211561 | L42: =U42/$F$42 -> -0.96003123 | M42: =V42/$F$42 -> -0.61661 | N42: =W42/$F$42 -> -2.1255456 | O42: –– | P42: –– | Q42: –– | R42: –– | S42: –– | T42: –– | U42: -0.5472178 | V42: -0.3514677 | W42: -1.211561
A43: 35 | B43: Food | C43: Reduce meat consumption | D43: Displacement/Reduction/Efficiency | E43: kcal/capita/day | F43: 467.33 | G43: –– | H43: SFA | I43: =U43 -> -125.6193 | J43: –– | K43: –– | L43: =U43/#REF! -> #REF! | M43: –– | N43: –– | O43: –– | P43: –– | Q43: –– | R43: –– | S43: –– | T43: –– | U43: -125.6193 | V43: –– | W43: ––
A44: 36 | B44: Food | C44: Prevent food loss and waste | D44: Reduction/Efficiency | E44: kt | F44: 539 | G44: –– | H44: NEA | I44: =U44 -> 1.3826935 | J44: –– | K44: –– | L44: =-U44/#REF! -> #REF! | M44: –– | N44: –– | O44: –– | P44: –– | Q44: –– | R44: –– | S44: –– | T44: –– | U44: 1.3826935 | V44: –– | W44: ––
